{"Portugal|Croatia": {"max": 6, "matriz": [[0.08988, 0.0746, 0.03908, 0.01259, 0.00304, 0.00059, 9e-05], [0.12043, 0.1287, 0.05919, 0.01907, 0.00461, 0.00089, 0.00014], [0.09593, 0.09274, 0.04482, 0.01444, 0.00349, 0.00067, 0.00011], [0.04843, 0.04682, 0.02263, 0.00729, 0.00176, 0.00034, 5e-05], [0.01834, 0.01773, 0.00857, 0.00276, 0.00067, 0.00013, 2e-05], [0.00556, 0.00537, 0.0026, 0.00084, 0.0002, 4e-05, 1e-05], [0.0014, 0.00136, 0.00066, 0.00021, 5e-05, 1e-05, 0.0]], "prob_local": 0.494, "prob_empate": 0.271, "prob_visita": 0.235, "marcador": "1-1", "prob_marcador": 0.129}, "Spain|Austria": {"max": 6, "matriz": [[0.08476, 0.05912, 0.02655, 0.00725, 0.00149, 0.00024, 3e-05], [0.13018, 0.11699, 0.04561, 0.01246, 0.00255, 0.00042, 6e-05], [0.11669, 0.09561, 0.03917, 0.0107, 0.00219, 0.00036, 5e-05], [0.06682, 0.05475, 0.02243, 0.00613, 0.00126, 0.00021, 3e-05], [0.0287, 0.02351, 0.00963, 0.00263, 0.00054, 9e-05, 1e-05], [0.00986, 0.00808, 0.00331, 0.0009, 0.00019, 3e-05, 0.0], [0.00282, 0.00231, 0.00095, 0.00026, 5e-05, 1e-05, 0.0]], "prob_local": 0.582, "prob_empate": 0.248, "prob_visita": 0.171, "marcador": "1-0", "prob_marcador": 0.13}, "Switzerland|Algeria": {"max": 6, "matriz": [[0.07764, 0.08002, 0.05221, 0.02106, 0.00637, 0.00154, 0.00031], [0.09576, 0.12976, 0.07469, 0.03012, 0.00911, 0.0022, 0.00044], [0.07299, 0.0883, 0.05342, 0.02154, 0.00652, 0.00158, 0.00032], [0.0348, 0.0421, 0.02547, 0.01027, 0.00311, 0.00075, 0.00015], [0.01244, 0.01506, 0.00911, 0.00367, 0.00111, 0.00027, 5e-05], [0.00356, 0.00431, 0.00261, 0.00105, 0.00032, 8e-05, 2e-05], [0.00085, 0.00103, 0.00062, 0.00025, 8e-05, 2e-05, 0.0]], "prob_local": 0.415, "prob_empate": 0.272, "prob_visita": 0.313, "marcador": "1-1", "prob_marcador": 0.13}, "Argentina|Cape Verde": {"max": 6, "matriz": [[0.09178, 0.03078, 0.00669, 0.00087, 8e-05, 1e-05, 0.0], [0.17626, 0.0736, 0.01363, 0.00177, 0.00017, 1e-05, 0.0], [0.1833, 0.07138, 0.0139, 0.0018, 0.00018, 1e-05, 0.0], [0.12456, 0.0485, 0.00944, 0.00123, 0.00012, 1e-05, 0.0], [0.06348, 0.02472, 0.00481, 0.00062, 6e-05, 0.0, 0.0], [0.02588, 0.01008, 0.00196, 0.00025, 2e-05, 0.0, 0.0], [0.00879, 0.00342, 0.00067, 9e-05, 1e-05, 0.0, 0.0]], "prob_local": 0.763, "prob_empate": 0.181, "prob_visita": 0.056, "marcador": "2-0", "prob_marcador": 0.183}, "Australia|Egypt": {"max": 6, "matriz": [[0.17685, 0.13255, 0.05706, 0.01558, 0.00319, 0.00052, 7e-05], [0.15521, 0.13944, 0.05434, 0.01484, 0.00304, 0.0005, 7e-05], [0.07713, 0.06318, 0.02588, 0.00707, 0.00145, 0.00024, 3e-05], [0.02449, 0.02006, 0.00821, 0.00224, 0.00046, 8e-05, 1e-05], [0.00583, 0.00478, 0.00196, 0.00053, 0.00011, 2e-05, 0.0], [0.00111, 0.00091, 0.00037, 0.0001, 2e-05, 0.0, 0.0], [0.00018, 0.00014, 6e-05, 2e-05, 0.0, 0.0, 0.0]], "prob_local": 0.364, "prob_empate": 0.345, "prob_visita": 0.291, "marcador": "0-0", "prob_marcador": 0.177}, "Colombia|Ghana": {"max": 6, "matriz": [[0.09186, 0.04747, 0.01578, 0.00317, 0.00048, 6e-05, 1e-05], [0.15507, 0.1013, 0.02903, 0.00583, 0.00088, 0.00011, 1e-05], [0.14719, 0.08867, 0.02671, 0.00536, 0.00081, 0.0001, 1e-05], [0.09028, 0.05438, 0.01638, 0.00329, 0.0005, 6e-05, 1e-05], [0.04153, 0.02502, 0.00754, 0.00151, 0.00023, 3e-05, 0.0], [0.01528, 0.00921, 0.00277, 0.00056, 8e-05, 1e-05, 0.0], [0.00469, 0.00282, 0.00085, 0.00017, 3e-05, 0.0, 0.0]], "prob_local": 0.667, "prob_empate": 0.223, "prob_visita": 0.11, "marcador": "1-0", "prob_marcador": 0.155}, "Canada|Morocco": {"max": 6, "matriz": [[0.1747, 0.17802, 0.10113, 0.03696, 0.01013, 0.00222, 0.00041], [0.10895, 0.13298, 0.06936, 0.02535, 0.00695, 0.00152, 0.00028], [0.03957, 0.04339, 0.02379, 0.00869, 0.00238, 0.00052, 0.0001], [0.00905, 0.00992, 0.00544, 0.00199, 0.00054, 0.00012, 2e-05], [0.00155, 0.0017, 0.00093, 0.00034, 9e-05, 2e-05, 0.0], [0.00021, 0.00023, 0.00013, 5e-05, 1e-05, 0.0, 0.0], [2e-05, 3e-05, 1e-05, 1e-05, 0.0, 0.0, 0.0]], "prob_local": 0.222, "prob_empate": 0.334, "prob_visita": 0.445, "marcador": "0-1", "prob_marcador": 0.178}, "Paraguay|France": {"max": 6, "matriz": [[0.11715, 0.16119, 0.12551, 0.06285, 0.0236, 0.00709, 0.00178], [0.07127, 0.12186, 0.08709, 0.04361, 0.01638, 0.00492, 0.00123], [0.02678, 0.04023, 0.03022, 0.01513, 0.00568, 0.00171, 0.00043], [0.00619, 0.0093, 0.00699, 0.0035, 0.00131, 0.00039, 0.0001], [0.00107, 0.00161, 0.00121, 0.00061, 0.00023, 7e-05, 2e-05], [0.00015, 0.00022, 0.00017, 8e-05, 3e-05, 1e-05, 0.0], [2e-05, 3e-05, 2e-05, 1e-05, 0.0, 0.0, 0.0]], "prob_local": 0.166, "prob_empate": 0.273, "prob_visita": 0.561, "marcador": "0-1", "prob_marcador": 0.161}, "Mexico|England": {"max": 6, "matriz": [[0.11309, 0.13075, 0.08869, 0.03816, 0.01232, 0.00318, 0.00068], [0.09439, 0.13708, 0.08419, 0.03623, 0.01169, 0.00302, 0.00065], [0.04796, 0.06191, 0.03996, 0.01719, 0.00555, 0.00143, 0.00031], [0.01518, 0.01959, 0.01264, 0.00544, 0.00176, 0.00045, 0.0001], [0.0036, 0.00465, 0.003, 0.00129, 0.00042, 0.00011, 2e-05], [0.00068, 0.00088, 0.00057, 0.00025, 8e-05, 2e-05, 0.0], [0.00011, 0.00014, 9e-05, 4e-05, 1e-05, 0.0, 0.0]], "prob_local": 0.267, "prob_empate": 0.296, "prob_visita": 0.437, "marcador": "1-1", "prob_marcador": 0.137}, "Brazil|Norway": {"max": 6, "matriz": [[0.06235, 0.05384, 0.031, 0.0108, 0.00282, 0.00059, 0.0001], [0.09809, 0.11374, 0.05653, 0.01968, 0.00514, 0.00107, 0.00019], [0.09444, 0.09865, 0.05153, 0.01794, 0.00469, 0.00098, 0.00017], [0.05739, 0.05995, 0.03131, 0.0109, 0.00285, 0.00059, 0.0001], [0.02616, 0.02733, 0.01427, 0.00497, 0.0013, 0.00027, 5e-05], [0.00954, 0.00996, 0.0052, 0.00181, 0.00047, 0.0001, 2e-05], [0.0029, 0.00303, 0.00158, 0.00055, 0.00014, 3e-05, 1e-05]], "prob_local": 0.551, "prob_empate": 0.24, "prob_visita": 0.21, "marcador": "1-1", "prob_marcador": 0.114}, "United States|Belgium": {"max": 6, "matriz": [[0.05523, 0.08055, 0.07468, 0.04317, 0.01872, 0.00649, 0.00188], [0.05741, 0.1148, 0.09472, 0.05476, 0.02374, 0.00823, 0.00238], [0.03994, 0.06927, 0.06006, 0.03472, 0.01505, 0.00522, 0.00151], [0.01688, 0.02928, 0.02539, 0.01468, 0.00636, 0.00221, 0.00064], [0.00535, 0.00928, 0.00805, 0.00465, 0.00202, 0.0007, 0.0002], [0.00136, 0.00236, 0.00204, 0.00118, 0.00051, 0.00018, 5e-05], [0.00029, 0.0005, 0.00043, 0.00025, 0.00011, 4e-05, 1e-05]], "prob_local": 0.275, "prob_empate": 0.247, "prob_visita": 0.478, "marcador": "1-1", "prob_marcador": 0.115}}