{"South Africa|Canada": {"max": 6, "matriz": [[0.14373, 0.1638, 0.10547, 0.04357, 0.0135, 0.00335, 0.00069], [0.09605, 0.13337, 0.07868, 0.03251, 0.01007, 0.0025, 0.00052], [0.03821, 0.04736, 0.02935, 0.01212, 0.00376, 0.00093, 0.00019], [0.0095, 0.01178, 0.0073, 0.00302, 0.00093, 0.00023, 5e-05], [0.00177, 0.0022, 0.00136, 0.00056, 0.00017, 4e-05, 1e-05], [0.00026, 0.00033, 0.0002, 8e-05, 3e-05, 1e-05, 0.0], [3e-05, 4e-05, 3e-05, 1e-05, 0.0, 0.0, 0.0]], "prob_local": 0.217, "prob_empate": 0.31, "prob_visita": 0.473, "marcador": "0-1", "prob_marcador": 0.164}, "Brazil|Japan": {"max": 6, "matriz": [[0.09595, 0.0812, 0.04275, 0.01392, 0.0034, 0.00066, 0.00011], [0.12231, 0.13198, 0.06136, 0.01998, 0.00488, 0.00095, 0.00016], [0.09234, 0.09018, 0.04404, 0.01434, 0.0035, 0.00068, 0.00011], [0.04418, 0.04315, 0.02107, 0.00686, 0.00168, 0.00033, 5e-05], [0.01586, 0.01549, 0.00756, 0.00246, 0.0006, 0.00012, 2e-05], [0.00455, 0.00445, 0.00217, 0.00071, 0.00017, 3e-05, 1e-05], [0.00109, 0.00106, 0.00052, 0.00017, 4e-05, 1e-05, 0.0]], "prob_local": 0.47, "prob_empate": 0.279, "prob_visita": 0.25, "marcador": "1-1", "prob_marcador": 0.132}, "Germany|Paraguay": {"max": 6, "matriz": [[0.09125, 0.0699, 0.03381, 0.01004, 0.00223, 0.0004, 6e-05], [0.12795, 0.12533, 0.05313, 0.01577, 0.00351, 0.00063, 9e-05], [0.10527, 0.09376, 0.04175, 0.0124, 0.00276, 0.00049, 7e-05], [0.05515, 0.04912, 0.02187, 0.00649, 0.00145, 0.00026, 4e-05], [0.02167, 0.0193, 0.00859, 0.00255, 0.00057, 0.0001, 2e-05], [0.00681, 0.00607, 0.0027, 0.0008, 0.00018, 3e-05, 0.0], [0.00178, 0.00159, 0.00071, 0.00021, 5e-05, 1e-05, 0.0]], "prob_local": 0.527, "prob_empate": 0.265, "prob_visita": 0.207, "marcador": "1-0", "prob_marcador": 0.128}, "Netherlands|Morocco": {"max": 6, "matriz": [[0.13218, 0.12241, 0.0666, 0.02288, 0.0059, 0.00122, 0.00021], [0.1243, 0.14195, 0.06964, 0.02393, 0.00617, 0.00127, 0.00022], [0.06855, 0.07066, 0.03642, 0.01251, 0.00322, 0.00066, 0.00011], [0.0239, 0.02463, 0.01269, 0.00436, 0.00112, 0.00023, 4e-05], [0.00625, 0.00644, 0.00332, 0.00114, 0.00029, 6e-05, 1e-05], [0.00131, 0.00135, 0.00069, 0.00024, 6e-05, 1e-05, 0.0], [0.00023, 0.00023, 0.00012, 4e-05, 1e-05, 0.0, 0.0]], "prob_local": 0.346, "prob_empate": 0.315, "prob_visita": 0.339, "marcador": "1-1", "prob_marcador": 0.142}, "Ivory Coast|Norway": {"max": 6, "matriz": [[0.10721, 0.12246, 0.08277, 0.03539, 0.01135, 0.00291, 0.00062], [0.0954, 0.13743, 0.08391, 0.03588, 0.01151, 0.00295, 0.00063], [0.0517, 0.06632, 0.04253, 0.01819, 0.00583, 0.0015, 0.00032], [0.01747, 0.02241, 0.01437, 0.00615, 0.00197, 0.00051, 0.00011], [0.00443, 0.00568, 0.00364, 0.00156, 0.0005, 0.00013, 3e-05], [0.0009, 0.00115, 0.00074, 0.00032, 0.0001, 3e-05, 1e-05], [0.00015, 0.00019, 0.00012, 5e-05, 2e-05, 0.0, 0.0]], "prob_local": 0.287, "prob_empate": 0.294, "prob_visita": 0.419, "marcador": "1-1", "prob_marcador": 0.137}, "France|Sweden": {"max": 6, "matriz": [[0.05432, 0.04328, 0.02354, 0.00766, 0.00187, 0.00037, 6e-05], [0.0954, 0.1029, 0.04782, 0.01556, 0.0038, 0.00074, 0.00012], [0.10193, 0.09952, 0.04858, 0.01581, 0.00386, 0.00075, 0.00012], [0.06904, 0.0674, 0.03291, 0.01071, 0.00261, 0.00051, 8e-05], [0.03507, 0.03424, 0.01671, 0.00544, 0.00133, 0.00026, 4e-05], [0.01425, 0.01391, 0.00679, 0.00221, 0.00054, 0.00011, 2e-05], [0.00483, 0.00471, 0.0023, 0.00075, 0.00018, 4e-05, 1e-05]], "prob_local": 0.613, "prob_empate": 0.218, "prob_visita": 0.169, "marcador": "1-1", "prob_marcador": 0.103}, "Mexico|Ecuador": {"max": 6, "matriz": [[0.16035, 0.13075, 0.06158, 0.01838, 0.00412, 0.00074, 0.00011], [0.14342, 0.14129, 0.06023, 0.01798, 0.00403, 0.00072, 0.00011], [0.07345, 0.06578, 0.02945, 0.00879, 0.00197, 0.00035, 5e-05], [0.02395, 0.02144, 0.0096, 0.00287, 0.00064, 0.00011, 2e-05], [0.00585, 0.00524, 0.00235, 0.0007, 0.00016, 3e-05, 0.0], [0.00115, 0.00103, 0.00046, 0.00014, 3e-05, 1e-05, 0.0], [0.00019, 0.00017, 7e-05, 2e-05, 1e-05, 0.0, 0.0]], "prob_local": 0.355, "prob_empate": 0.334, "prob_visita": 0.311, "marcador": "0-0", "prob_marcador": 0.16}, "Belgium|Senegal": {"max": 6, "matriz": [[0.09552, 0.08425, 0.0461, 0.01563, 0.00397, 0.00081, 0.00014], [0.11843, 0.13336, 0.06457, 0.02189, 0.00557, 0.00113, 0.00019], [0.08742, 0.08891, 0.04522, 0.01533, 0.0039, 0.00079, 0.00013], [0.04081, 0.04151, 0.02111, 0.00716, 0.00182, 0.00037, 6e-05], [0.01429, 0.01454, 0.00739, 0.00251, 0.00064, 0.00013, 2e-05], [0.004, 0.00407, 0.00207, 0.0007, 0.00018, 4e-05, 1e-05], [0.00093, 0.00095, 0.00048, 0.00016, 4e-05, 1e-05, 0.0]], "prob_local": 0.451, "prob_empate": 0.282, "prob_visita": 0.267, "marcador": "1-1", "prob_marcador": 0.133}, "England|DR Congo": {"max": 6, "matriz": [[0.15384, 0.07186, 0.02011, 0.00349, 0.00045, 5e-05, 0.0], [0.2005, 0.11257, 0.02789, 0.00484, 0.00063, 7e-05, 1e-05], [0.1428, 0.07433, 0.01934, 0.00336, 0.00044, 5e-05, 0.0], [0.06602, 0.03437, 0.00894, 0.00155, 0.0002, 2e-05, 0.0], [0.02289, 0.01192, 0.0031, 0.00054, 7e-05, 1e-05, 0.0], [0.00635, 0.00331, 0.00086, 0.00015, 2e-05, 0.0, 0.0], [0.00147, 0.00076, 0.0002, 3e-05, 0.0, 0.0, 0.0]], "prob_local": 0.579, "prob_empate": 0.287, "prob_visita": 0.133, "marcador": "1-0", "prob_marcador": 0.2}, "United States|Bosnia and Herzegovina": {"max": 6, "matriz": [[0.06094, 0.04628, 0.02362, 0.00724, 0.00167, 0.00031, 5e-05], [0.10468, 0.10604, 0.04642, 0.01423, 0.00327, 0.0006, 9e-05], [0.10787, 0.09921, 0.04562, 0.01399, 0.00322, 0.00059, 9e-05], [0.07067, 0.06499, 0.02989, 0.00916, 0.00211, 0.00039, 6e-05], [0.03472, 0.03193, 0.01469, 0.0045, 0.00104, 0.00019, 3e-05], [0.01365, 0.01255, 0.00577, 0.00177, 0.00041, 7e-05, 1e-05], [0.00447, 0.00411, 0.00189, 0.00058, 0.00013, 2e-05, 0.0]], "prob_local": 0.613, "prob_empate": 0.223, "prob_visita": 0.165, "marcador": "2-0", "prob_marcador": 0.108}, "Portugal|Croatia": {"max": 6, "matriz": [[0.08962, 0.07453, 0.03901, 0.01258, 0.00304, 0.00059, 9e-05], [0.12039, 0.12854, 0.05917, 0.01907, 0.00461, 0.00089, 0.00014], [0.09596, 0.09279, 0.04486, 0.01446, 0.0035, 0.00068, 0.00011], [0.04851, 0.04691, 0.02268, 0.00731, 0.00177, 0.00034, 6e-05], [0.01839, 0.01778, 0.0086, 0.00277, 0.00067, 0.00013, 2e-05], [0.00558, 0.00539, 0.00261, 0.00084, 0.0002, 4e-05, 1e-05], [0.00141, 0.00136, 0.00066, 0.00021, 5e-05, 1e-05, 0.0]], "prob_local": 0.494, "prob_empate": 0.271, "prob_visita": 0.235, "marcador": "1-1", "prob_marcador": 0.129}, "Spain|Austria": {"max": 6, "matriz": [[0.08468, 0.0592, 0.02656, 0.00726, 0.00149, 0.00024, 3e-05], [0.13022, 0.11694, 0.04562, 0.01246, 0.00255, 0.00042, 6e-05], [0.11666, 0.09562, 0.03918, 0.01071, 0.00219, 0.00036, 5e-05], [0.0668, 0.05475, 0.02244, 0.00613, 0.00126, 0.00021, 3e-05], [0.02869, 0.02351, 0.00964, 0.00263, 0.00054, 9e-05, 1e-05], [0.00986, 0.00808, 0.00331, 0.0009, 0.00019, 3e-05, 0.0], [0.00282, 0.00231, 0.00095, 0.00026, 5e-05, 1e-05, 0.0]], "prob_local": 0.582, "prob_empate": 0.248, "prob_visita": 0.171, "marcador": "1-0", "prob_marcador": 0.13}, "Switzerland|Algeria": {"max": 6, "matriz": [[0.07757, 0.08015, 0.05229, 0.0211, 0.00639, 0.00155, 0.00031], [0.09577, 0.1297, 0.07474, 0.03016, 0.00913, 0.00221, 0.00045], [0.0729, 0.08826, 0.05343, 0.02156, 0.00653, 0.00158, 0.00032], [0.03474, 0.04206, 0.02546, 0.01027, 0.00311, 0.00075, 0.00015], [0.01242, 0.01503, 0.0091, 0.00367, 0.00111, 0.00027, 5e-05], [0.00355, 0.0043, 0.0026, 0.00105, 0.00032, 8e-05, 2e-05], [0.00085, 0.00102, 0.00062, 0.00025, 8e-05, 2e-05, 0.0]], "prob_local": 0.415, "prob_empate": 0.272, "prob_visita": 0.313, "marcador": "1-1", "prob_marcador": 0.13}, "Argentina|Cape Verde": {"max": 6, "matriz": [[0.09156, 0.03081, 0.0067, 0.00087, 8e-05, 1e-05, 0.0], [0.17605, 0.07359, 0.01366, 0.00178, 0.00017, 1e-05, 0.0], [0.18317, 0.07146, 0.01394, 0.00181, 0.00018, 1e-05, 0.0], [0.12455, 0.04859, 0.00948, 0.00123, 0.00012, 1e-05, 0.0], [0.06352, 0.02478, 0.00483, 0.00063, 6e-05, 0.0, 0.0], [0.02592, 0.01011, 0.00197, 0.00026, 3e-05, 0.0, 0.0], [0.00881, 0.00344, 0.00067, 9e-05, 1e-05, 0.0, 0.0]], "prob_local": 0.763,