{"Portugal|Uzbekistan": {"max": 6, "matriz": [[0.10017, 0.05822, 0.02123, 0.00473, 0.00079, 0.00011, 1e-05], [0.15477, 0.11228, 0.03579, 0.00798, 0.00133, 0.00018, 2e-05], [0.1349, 0.09022, 0.03017, 0.00673, 0.00112, 0.00015, 2e-05], [0.07581, 0.0507, 0.01695, 0.00378, 0.00063, 8e-05, 1e-05], [0.03196, 0.02137, 0.00715, 0.00159, 0.00027, 4e-05, 0.0], [0.01078, 0.00721, 0.00241, 0.00054, 9e-05, 1e-05, 0.0], [0.00303, 0.00202, 0.00068, 0.00015, 3e-05, 0.0, 0.0]], "prob_local": 0.614, "prob_empate": 0.247, "prob_visita": 0.139, "marcador": "1-0", "prob_marcador": 0.155}, "Colombia|DR Congo": {"max": 6, "matriz": [[0.129, 0.06992, 0.02302, 0.00469, 0.00072, 9e-05, 1e-05], [0.17741, 0.11716, 0.03409, 0.00694, 0.00106, 0.00013, 1e-05], [0.13542, 0.08269, 0.02524, 0.00514, 0.00078, 0.0001, 1e-05], [0.06685, 0.04082, 0.01246, 0.00254, 0.00039, 5e-05, 0.0], [0.02475, 0.01511, 0.00461, 0.00094, 0.00014, 2e-05, 0.0], [0.00733, 0.00448, 0.00137, 0.00028, 4e-05, 1e-05, 0.0], [0.00181, 0.0011, 0.00034, 7e-05, 1e-05, 0.0, 0.0]], "prob_local": 0.579, "prob_empate": 0.274, "prob_visita": 0.147, "marcador": "1-0", "prob_marcador": 0.177}, "England|Ghana": {"max": 6, "matriz": [[0.09272, 0.04245, 0.0124, 0.00219, 0.00029, 3e-05, 0.0], [0.16322, 0.09314, 0.02351, 0.00415, 0.00055, 6e-05, 1e-05], [0.15892, 0.08419, 0.0223, 0.00394, 0.00052, 6e-05, 0.0], [0.10047, 0.05322, 0.0141, 0.00249, 0.00033, 3e-05, 0.0], [0.04764, 0.02523, 0.00668, 0.00118, 0.00016, 2e-05, 0.0], [0.01807, 0.00957, 0.00254, 0.00045, 6e-05, 1e-05, 0.0], [0.00571, 0.00303, 0.0008, 0.00014, 2e-05, 0.0, 0.0]], "prob_local": 0.699, "prob_empate": 0.211, "prob_visita": 0.091, "marcador": "1-0", "prob_marcador": 0.163}, "Panama|Croatia": {"max": 6, "matriz": [[0.07291, 0.12103, 0.11747, 0.07291, 0.03394, 0.01264, 0.00392], [0.05108, 0.10983, 0.09747, 0.0605, 0.02816, 0.01049, 0.00325], [0.02332, 0.04343, 0.04043, 0.0251, 0.01168, 0.00435, 0.00135], [0.00645, 0.01201, 0.01118, 0.00694, 0.00323, 0.0012, 0.00037], [0.00134, 0.00249, 0.00232, 0.00144, 0.00067, 0.00025, 8e-05], [0.00022, 0.00041, 0.00038, 0.00024, 0.00011, 4e-05, 1e-05], [3e-05, 6e-05, 5e-05, 3e-05, 2e-05, 1e-05, 0.0]], "prob_local": 0.157, "prob_empate": 0.231, "prob_visita": 0.613, "marcador": "0-1", "prob_marcador": 0.121}, "Scotland|Brazil": {"max": 6, "matriz": [[0.07488, 0.1278, 0.12608, 0.07982, 0.0379, 0.0144, 0.00456], [0.04826, 0.10605, 0.09599, 0.06077, 0.02885, 0.01096, 0.00347], [0.02026, 0.03848, 0.03654, 0.02313, 0.01098, 0.00417, 0.00132], [0.00514, 0.00977, 0.00927, 0.00587, 0.00279, 0.00106, 0.00034], [0.00098, 0.00186, 0.00177, 0.00112, 0.00053, 0.0002, 6e-05], [0.00015, 0.00028, 0.00027, 0.00017, 8e-05, 3e-05, 1e-05], [2e-05, 4e-05, 3e-05, 2e-05, 1e-05, 0.0, 0.0]], "prob_local": 0.138, "prob_empate": 0.224, "prob_visita": 0.638, "marcador": "0-1", "prob_marcador": 0.128}, "Mexico|Czech Republic": {"max": 6, "matriz": [[0.07519, 0.06285, 0.03375, 0.01109, 0.00273, 0.00054, 9e-05], [0.1112, 0.1208, 0.05673, 0.01863, 0.00459, 0.0009, 0.00015], [0.0982, 0.09676, 0.04767, 0.01566, 0.00386, 0.00076, 0.00012], [0.05501, 0.05421, 0.0267, 0.00877, 0.00216, 0.00043, 7e-05], [0.02312, 0.02278, 0.01122, 0.00369, 0.00091, 0.00018, 3e-05], [0.00777, 0.00766, 0.00377, 0.00124, 0.00031, 6e-05, 1e-05], [0.00218, 0.00214, 0.00106, 0.00035, 9e-05, 2e-05, 0.0]], "prob_local": 0.531, "prob_empate": 0.253, "prob_visita": 0.215, "marcador": "1-1", "prob_marcador": 0.121}, "South Africa|South Korea": {"max": 6, "matriz": [[0.12545, 0.15036, 0.10291, 0.04508, 0.01481, 0.00389, 0.00085], [0.09064, 0.13359, 0.08366, 0.03665, 0.01204, 0.00316, 0.00069], [0.03939, 0.05176, 0.03401, 0.0149, 0.00489, 0.00129, 0.00028], [0.01067, 0.01403, 0.00922, 0.00404, 0.00133, 0.00035, 8e-05], [0.00217, 0.00285, 0.00187, 0.00082, 0.00027, 7e-05, 2e-05], [0.00035, 0.00046, 0.0003, 0.00013, 4e-05, 1e-05, 0.0], [5e-05, 6e-05, 4e-05, 2e-05, 1e-05, 0.0, 0.0]], "prob_local": 0.225, "prob_empate": 0.297, "prob_visita": 0.478, "marcador": "0-1", "prob_marcador": 0.15}, "Canada|Switzerland": {"max": 6, "matriz": [[0.08052, 0.09081, 0.06324, 0.0275, 0.00897, 0.00234, 0.00051], [0.09009, 0.13172, 0.08188, 0.0356, 0.01161, 0.00303, 0.00066], [0.06231, 0.08127, 0.053, 0.02304, 0.00751, 0.00196, 0.00043], [0.02689, 0.03507, 0.02287, 0.00995, 0.00324, 0.00085, 0.00018], [0.0087, 0.01135, 0.0074, 0.00322, 0.00105, 0.00027, 6e-05], [0.00225, 0.00294, 0.00192, 0.00083, 0.00027, 7e-05, 2e-05], [0.00049, 0.00063, 0.00041, 0.00018, 6e-05, 2e-05, 0.0]], "prob_local": 0.36, "prob_empate": 0.276, "prob_visita": 0.364, "marcador": "1-1", "prob_marcador": 0.132}, "Bosnia and Herzegovina|Qatar": {"max": 6, "matriz": [[0.09111, 0.08679, 0.05103, 0.01866, 0.00512, 0.00112, 0.00021], [0.10998, 0.13377, 0.06992, 0.02556, 0.00701, 0.00154, 0.00028], [0.07964, 0.08735, 0.0479, 0.01751, 0.0048, 0.00105, 0.00019], [0.03637, 0.03989, 0.02188, 0.008, 0.00219, 0.00048, 9e-05], [0.01246, 0.01366, 0.00749, 0.00274, 0.00075, 0.00016, 3e-05], [0.00341, 0.00374, 0.00205, 0.00075, 0.00021, 5e-05, 1e-05], [0.00078, 0.00086, 0.00047, 0.00017, 5e-05, 1e-05, 0.0]], "prob_local": 0.425, "prob_empate": 0.282, "prob_visita": 0.294, "marcador": "1-1", "prob_marcador": 0.134}, "Morocco|Haiti": {"max": 6, "matriz": [[0.0964, 0.04336, 0.01238, 0.00214, 0.00028, 3e-05, 0.0], [0.16742, 0.0935, 0.02312, 0.004, 0.00052, 5e-05, 0.0], [0.16037, 0.0832, 0.02158, 0.00373, 0.00048, 5e-05, 0.0], [0.09981, 0.05178, 0.01343, 0.00232, 0.0003, 3e-05, 0.0], [0.04658, 0.02417, 0.00627, 0.00108, 0.00014, 1e-05, 0.0], [0.01739, 0.00902, 0.00234, 0.0004, 5e-05, 1e-05, 0.0], [0.00541, 0.00281, 0.00073, 0.00013, 2e-05, 0.0, 0.0]], "prob_local": 0.696, "prob_empate": 0.214, "prob_visita": 0.091, "marcador": "1-0", "prob_marcador": 0.167}, "Curaçao|Ivory Coast": {"max": 6, "matriz": [[0.09416, 0.15817, 0.1484, 0.09013, 0.04105, 0.01496, 0.00454], [0.04824, 0.10127, 0.08793, 0.0534, 0.02432, 0.00886, 0.00269], [0.0157, 0.0286, 0.02605, 0.01582, 0.00721, 0.00263, 0.0008], [0.0031, 0.00565, 0.00515, 0.00312, 0.00142, 0.00052, 0.00016], [0.00046, 0.00084, 0.00076, 0.00046, 0.00021, 8e-05, 2e-05], [5e-05, 0.0001, 9e-05, 5e-05, 2e-05, 1e-05, 0.0], [1e-05, 1e-05, 1e-05, 1e-05, 0.0, 0.0, 0.0]], "prob_local": 0.109, "prob_empate": 0.225, "prob_visita": 0.666, "marcador": "0-1", "prob_marcador": 0.158}, "United States|Turkey": {"max": 6, "matriz": [[0.0521, 0.05817, 0.04309, 0.0195, 0.00662, 0.0018, 0.00041], [0.07443, 0.11358, 0.07347, 0.03324, 0.01128, 0.00306, 0.00069], [0.06799, 0.09229, 0.06264, 0.02834, 0.00962, 0.00261, 0.00059], [0.03864, 0.05245, 0.0356, 0.01611, 0.00547, 0.00148, 0.00034], [0.01647, 0.02236, 0.01517, 0.00687, 0.00233, 0.00063, 0.00014], [0.00562, 0.00762, 0.00517, 0.00234, 0.00079, 0.00022, 5e-05], [0.0016, 0.00217, 0.00147, 0.00067, 0.00023, 6e-05, 1e-05]], "prob_local": 0.452, "prob_empate": 0.247, "prob_visita": 0.301, "marcador": "1-1", "prob_marcador": 0.114}, "Paraguay|Australia": {"max": 6, "matriz": [[0.16211, 0.15109, 0.07989, 0.02699, 0.00684, 0.00139, 0.00023], [0.12523, 0.14014, 0.06769, 0.02287, 0.00579, 0.00117, 0.0002], [0.05583, 0.05659, 0.02868, 0.00969, 0.00245, 0.0005, 8e-05], [0.01577, 0.01598, 0.0081, 0.00274, 0.00069, 0.00014, 2e-05], [0.00334, 0.00339, 0.00172, 0.00058, 0.00015, 3e-05, 1e-05], [0.00057, 0.00057, 0.00029, 0.0001, 2e-05, 1e-05, 0.0], [8e-05, 8e-05, 4e-05, 1e-05, 0.0, 0.0, 0.0]], "prob_local": 0.288, "prob_empate": 0.334, "prob_visita": 0.378, "marcador": "0-0", "prob_marcador": 0.162}, "Tunisia|Netherlands": {"max": 6, "matriz": [[0.08214, 0.13298, 0.12415, 0.07435, 0.03339, 0.012, 0.00359], [0.05388, 0.1114, 0.09539, 0.05713, 0.02566, 0.00922, 0.00276], [0.02271, 0.04079, 0.03665, 0.02195, 0.00986, 0.00354, 0.00106], [0.00582, 0.01045, 0.00939, 0.00562, 0.00252, 0.00091, 0.00027], [0.00112, 0.00201, 0.0018, 0.00108, 0.00048, 0.00017, 5e-05], [0.00017, 0.00031, 0.00028, 0.00017, 7e-05, 3e-05, 1e-05], [2e-05, 4e-05, 4e-05, 2e-05, 1e-05, 0.0, 0.0]], "prob_local": 0.15, "prob_empate": 0.236,