{"Tunisia|Netherlands": {"max": 6, "matriz": [[0.08259, 0.13346, 0.12403, 0.07399, 0.0331, 0.01185, 0.00353], [0.05438, 0.11166, 0.09531, 0.05686, 0.02544, 0.00911, 0.00272], [0.02287, 0.04093, 0.03663, 0.02185, 0.00978, 0.0035, 0.00104], [0.00586, 0.01049, 0.00938, 0.0056, 0.0025, 0.0009, 0.00027], [0.00113, 0.00201, 0.0018, 0.00108, 0.00048, 0.00017, 5e-05], [0.00017, 0.00031, 0.00028, 0.00017, 7e-05, 3e-05, 1e-05], [2e-05, 4e-05, 4e-05, 2e-05, 1e-05, 0.0, 0.0]], "prob_local": 0.151, "prob_empate": 0.237, "prob_visita": 0.612, "marcador": "0-1", "prob_marcador": 0.133}, "Japan|Sweden": {"max": 6, "matriz": [[0.06871, 0.06074, 0.03468, 0.01211, 0.00317, 0.00066, 0.00012], [0.10286, 0.11896, 0.05943, 0.02075, 0.00543, 0.00114, 0.0002], [0.09283, 0.09723, 0.05092, 0.01778, 0.00466, 0.00098, 0.00017], [0.05303, 0.05554, 0.02909, 0.01016, 0.00266, 0.00056, 0.0001], [0.02272, 0.0238, 0.01246, 0.00435, 0.00114, 0.00024, 4e-05], [0.00779, 0.00816, 0.00427, 0.00149, 0.00039, 8e-05, 1e-05], [0.00222, 0.00233, 0.00122, 0.00043, 0.00011, 2e-05, 0.0]], "prob_local": 0.524, "prob_empate": 0.25, "prob_visita": 0.226, "marcador": "1-1", "prob_marcador": 0.119}, "Ecuador|Germany": {"max": 6, "matriz": [[0.12843, 0.13525, 0.0823, 0.03187, 0.00926, 0.00215, 0.00042], [0.10848, 0.13996, 0.07755, 0.03003, 0.00872, 0.00203, 0.00039], [0.05415, 0.0629, 0.03653, 0.01415, 0.00411, 0.00095, 0.00018], [0.01701, 0.01976, 0.01147, 0.00444, 0.00129, 0.0003, 6e-05], [0.00401, 0.00465, 0.0027, 0.00105, 0.0003, 7e-05, 1e-05], [0.00075, 0.00088, 0.00051, 0.0002, 6e-05, 1e-05, 0.0], [0.00012, 0.00014, 8e-05, 3e-05, 1e-05, 0.0, 0.0]], "prob_local": 0.289, "prob_empate": 0.31, "prob_visita": 0.401, "marcador": "1-1", "prob_marcador": 0.14}, "United States|Turkey": {"max": 6, "matriz": [[0.05211, 0.05824, 0.04297, 0.0194, 0.00657, 0.00178, 0.0004], [0.07475, 0.11353, 0.07332, 0.03309, 0.0112, 0.00303, 0.00068], [0.06823, 0.09239, 0.06255, 0.02823, 0.00956, 0.00259, 0.00058], [0.0388, 0.05254, 0.03557, 0.01606, 0.00544, 0.00147, 0.00033], [0.01655, 0.02241, 0.01517, 0.00685, 0.00232, 0.00063, 0.00014], [0.00565, 0.00765, 0.00518, 0.00234, 0.00079, 0.00021, 5e-05], [0.00161, 0.00217, 0.00147, 0.00066, 0.00022, 6e-05, 1e-05]], "prob_local": 0.453, "prob_empate": 0.247, "prob_visita": 0.3, "marcador": "1-1", "prob_marcador": 0.114}, "Paraguay|Australia": {"max": 6, "matriz": [[0.16223, 0.15072, 0.07929, 0.02667, 0.00673, 0.00136, 0.00023], [0.12601, 0.14011, 0.06743, 0.02268, 0.00572, 0.00115, 0.00019], [0.05632, 0.05683, 0.02867, 0.00964, 0.00243, 0.00049, 8e-05], [0.01597, 0.01611, 0.00813, 0.00273, 0.00069, 0.00014, 2e-05], [0.00339, 0.00342, 0.00173, 0.00058, 0.00015, 3e-05, 0.0], [0.00058, 0.00058, 0.00029, 0.0001, 2e-05, 1e-05, 0.0], [8e-05, 8e-05, 4e-05, 1e-05, 0.0, 0.0, 0.0]], "prob_local": 0.29, "prob_empate": 0.334, "prob_visita": 0.376, "marcador": "0-0", "prob_marcador": 0.162}, "Curaçao|Ivory Coast": {"max": 6, "matriz": [[0.09374, 0.15803, 0.14853, 0.09041, 0.04127, 0.01507, 0.00459], [0.04809, 0.10097, 0.08794, 0.05353, 0.02444, 0.00892, 0.00272], [0.01561, 0.02851, 0.02603, 0.01585, 0.00723, 0.00264, 0.0008], [0.00308, 0.00563, 0.00514, 0.00313, 0.00143, 0.00052, 0.00016], [0.00046, 0.00083, 0.00076, 0.00046, 0.00021, 8e-05, 2e-05], [5e-05, 0.0001, 9e-05, 5e-05, 3e-05, 1e-05, 0.0], [1e-05, 1e-05, 1e-05, 1e-05, 0.0, 0.0, 0.0]], "prob_local": 0.109, "prob_empate": 0.224, "prob_visita": 0.667, "marcador": "0-1", "prob_marcador": 0.158}, "Cape Verde|Saudi Arabia": {"max": 6, "matriz": [[0.16032, 0.14085, 0.07058, 0.02254, 0.0054, 0.00103, 0.00017], [0.13408, 0.14119, 0.06451, 0.0206, 0.00493, 0.00095, 0.00015], [0.06425, 0.06155, 0.02948, 0.00941, 0.00225, 0.00043, 7e-05], [0.01958, 0.01875, 0.00898, 0.00287, 0.00069, 0.00013, 2e-05], [0.00447, 0.00429, 0.00205, 0.00066, 0.00016, 3e-05, 0.0], [0.00082, 0.00078, 0.00038, 0.00012, 3e-05, 1e-05, 0.0], [0.00012, 0.00012, 6e-05, 2e-05, 0.0, 0.0, 0.0]], "prob_local": 0.321, "prob_empate": 0.334, "prob_visita": 0.345, "marcador": "0-0", "prob_marcador": 0.16}, "Uruguay|Spain": {"max": 6, "matriz": [[0.12545, 0.15526, 0.10893, 0.04904, 0.01656, 0.00447, 0.00101], [0.08645, 0.13095, 0.08436, 0.03798, 0.01283, 0.00346, 0.00078], [0.03581, 0.04837, 0.03267, 0.01471, 0.00497, 0.00134, 0.0003], [0.00924, 0.01249, 0.00843, 0.0038, 0.00128, 0.00035, 8e-05], [0.00179, 0.00242, 0.00163, 0.00074, 0.00025, 7e-05, 2e-05], [0.00028, 0.00037, 0.00025, 0.00011, 4e-05, 1e-05, 0.0], [4e-05, 5e-05, 3e-05, 1e-05, 0.0, 0.0, 0.0]], "prob_local": 0.209, "prob_empate": 0.293, "prob_visita": 0.498, "marcador": "0-1", "prob_marcador": 0.155}, "New Zealand|Belgium": {"max": 6, "matriz": [[0.07395, 0.13481, 0.13956, 0.09323, 0.04671, 0.01872, 0.00625], [0.04157, 0.09671, 0.09245, 0.06176, 0.03094, 0.0124, 0.00414], [0.01525, 0.03055, 0.03062, 0.02045, 0.01025, 0.00411, 0.00137], [0.00337, 0.00675, 0.00676, 0.00452, 0.00226, 0.00091, 0.0003], [0.00056, 0.00112, 0.00112, 0.00075, 0.00037, 0.00015, 5e-05], [7e-05, 0.00015, 0.00015, 0.0001, 5e-05, 2e-05, 1e-05], [1e-05, 2e-05, 2e-05, 1e-05, 1e-05, 0.0, 0.0]], "prob_local": 0.108, "prob_empate": 0.206, "prob_visita": 0.685, "marcador": "0-2", "prob_marcador": 0.14}, "Senegal|Iraq": {"max": 6, "matriz": [[0.12653, 0.07555, 0.02727, 0.00611, 0.00103, 0.00014, 2e-05], [0.16855, 0.12268, 0.03931, 0.0088, 0.00148, 0.0002, 2e-05], [0.12554, 0.08433, 0.02833, 0.00634, 0.00107, 0.00014, 2e-05], [0.06031, 0.04051, 0.01361, 0.00305, 0.00051, 7e-05, 1e-05], [0.02173, 0.0146, 0.0049, 0.0011, 0.00018, 2e-05, 0.0], [0.00626, 0.00421, 0.00141, 0.00032, 5e-05, 1e-05, 0.0], [0.0015, 0.00101, 0.00034, 8e-05, 1e-05, 0.0, 0.0]], "prob_local": 0.551, "prob_empate": 0.281, "prob_visita": 0.168, "marcador": "1-0", "prob_marcador": 0.169}, "Norway|France": {"max": 6, "matriz": [[0.0732, 0.10172, 0.08555, 0.04541, 0.01808, 0.00576, 0.00153], [0.06874, 0.1243, 0.09441, 0.05012, 0.01995, 0.00635, 0.00169], [0.04109, 0.06543, 0.0521, 0.02765, 0.01101, 0.00351, 0.00093], [0.01512, 0.02407, 0.01916, 0.01017, 0.00405, 0.00129, 0.00034], [0.00417, 0.00664, 0.00529, 0.00281, 0.00112, 0.00036, 9e-05], [0.00092, 0.00147, 0.00117, 0.00062, 0.00025, 8e-05, 2e-05], [0.00017, 0.00027, 0.00021, 0.00011, 5e-05, 1e-05, 0.0]], "prob_local": 0.258, "prob_empate": 0.261, "prob_visita": 0.481, "marcador": "1-1", "prob_marcador": 0.124}, "Egypt|Iran": {"max": 6, "matriz": [[0.1536, 0.14546, 0.07846, 0.02701, 0.00697, 0.00144, 0.00025], [0.12352, 0.14076, 0.06934, 0.02387, 0.00616, 0.00127, 0.00022], [0.05745, 0.05933, 0.03064, 0.01055, 0.00272, 0.00056, 0.0001], [0.01692, 0.01748, 0.00903, 0.00311, 0.0008, 0.00017, 3e-05], [0.00374, 0.00386, 0.00199, 0.00069, 0.00018, 4e-05, 1e-05], [0.00066, 0.00068, 0.00035, 0.00012, 3e-05, 1e-05, 0.0], [0.0001, 0.0001, 5e-05, 2e-05, 0.0, 0.0, 0.0]], "prob_local": 0.296, "prob_empate": 0.328, "prob_visita": 0.376, "marcador": "0-0", "prob_marcador": 0.154}, "DR Congo|Uzbekistan": {"max": 6, "matriz": [[0.19403, 0.14306, 0.05945, 0.01577, 0.00314, 0.0005, 7e-05], [0.15829, 0.13735, 0.05214, 0.01383, 0.00275, 0.00044, 6e-05], [0.07219, 0.05745, 0.02286, 0.00607, 0.00121, 0.00019, 3e-05], [0.0211, 0.0168, 0.00668, 0.00177, 0.00035, 6e-05, 1e-05], [0.00463, 0.00368, 0.00147, 0.00039, 8e-05, 1e-05, 0.0], [0.00081, 0.00065, 0.00026, 7e-05, 1e-05, 0.0, 0.0], [0.00012, 9e-05, 4e-05, 1e-05, 0.0, 0.0, 0.0]], "prob_local": 0.345, "prob_empate": 0.356, "prob_visita": 0.299, "marcador": "0-0", "prob_marcador": 0.194}, "Colombia|Portugal": {"max": 6, "matriz": [[0.09242, 0.10312, 0.06941, 0.02936, 0.00932, 0.00237, 0.0005], [0.09563, 0.13554, 0.08205, 0.03471, 0.01101, 0.0028, 0.00059], [0.06022, 0.07643, 0.0485, 0.02052, 0.00651, 0.00165, 0.00035], [0.02373, 0.03012, 0.01911, 0.00809, 0.00257, 0.00065, 0.00014], [0.00701, 0.0089, 0.00565, 0.00239, 0.00076, 0.00019, 4e-05], [0.00166, 0.0021, 0.00134, 0.00057, 0.00018, 5e-05, 1e-05], [0.00033, 0.00041, 0.00026, 0.00011, 4e-05, 1e-05, 0.0]], "prob_local": 0.336, "prob_empate": 0.285,