{"France|Sweden": {"max": 6, "matriz": [[0.05439, 0.04323, 0.02354, 0.00766, 0.00187, 0.00036, 6e-05], [0.09536, 0.10297, 0.04782, 0.01556, 0.0038, 0.00074, 0.00012], [0.10195, 0.09952, 0.04858, 0.01581, 0.00386, 0.00075, 0.00012], [0.06904, 0.0674, 0.0329, 0.0107, 0.00261, 0.00051, 8e-05], [0.03507, 0.03423, 0.01671, 0.00544, 0.00133, 0.00026, 4e-05], [0.01425, 0.01391, 0.00679, 0.00221, 0.00054, 0.00011, 2e-05], [0.00482, 0.00471, 0.0023, 0.00075, 0.00018, 4e-05, 1e-05]], "prob_local": 0.613, "prob_empate": 0.218, "prob_visita": 0.169, "marcador": "1-1", "prob_marcador": 0.103}, "Mexico|Ecuador": {"max": 6, "matriz": [[0.16031, 0.1307, 0.06166, 0.01842, 0.00413, 0.00074, 0.00011], [0.1432, 0.14138, 0.0603, 0.01802, 0.00404, 0.00072, 0.00011], [0.07337, 0.06578, 0.02948, 0.00881, 0.00197, 0.00035, 5e-05], [0.02392, 0.02144, 0.00961, 0.00287, 0.00064, 0.00012, 2e-05], [0.00585, 0.00524, 0.00235, 0.0007, 0.00016, 3e-05, 0.0], [0.00114, 0.00103, 0.00046, 0.00014, 3e-05, 1e-05, 0.0], [0.00019, 0.00017, 7e-05, 2e-05, 1e-05, 0.0, 0.0]], "prob_local": 0.355, "prob_empate": 0.334, "prob_visita": 0.311, "marcador": "0-0", "prob_marcador": 0.16}, "Ivory Coast|Norway": {"max": 6, "matriz": [[0.10727, 0.12235, 0.08273, 0.03537, 0.01134, 0.00291, 0.00062], [0.09535, 0.13751, 0.0839, 0.03586, 0.0115, 0.00295, 0.00063], [0.05173, 0.06634, 0.04254, 0.01819, 0.00583, 0.0015, 0.00032], [0.01749, 0.02243, 0.01438, 0.00615, 0.00197, 0.00051, 0.00011], [0.00443, 0.00569, 0.00365, 0.00156, 0.0005, 0.00013, 3e-05], [0.0009, 0.00115, 0.00074, 0.00032, 0.0001, 3e-05, 1e-05], [0.00015, 0.00019, 0.00012, 5e-05, 2e-05, 0.0, 0.0]], "prob_local": 0.287, "prob_empate": 0.294, "prob_visita": 0.419, "marcador": "1-1", "prob_marcador": 0.138}, "Belgium|Senegal": {"max": 6, "matriz": [[0.0957, 0.08429, 0.04616, 0.01565, 0.00398, 0.00081, 0.00014], [0.11839, 0.13348, 0.06459, 0.0219, 0.00557, 0.00113, 0.00019], [0.08737, 0.08887, 0.0452, 0.01532, 0.0039, 0.00079, 0.00013], [0.04075, 0.04145, 0.02108, 0.00715, 0.00182, 0.00037, 6e-05], [0.01426, 0.0145, 0.00738, 0.0025, 0.00064, 0.00013, 2e-05], [0.00399, 0.00406, 0.00206, 0.0007, 0.00018, 4e-05, 1e-05], [0.00093, 0.00095, 0.00048, 0.00016, 4e-05, 1e-05, 0.0]], "prob_local": 0.451, "prob_empate": 0.282, "prob_visita": 0.267, "marcador": "1-1", "prob_marcador": 0.133}, "United States|Bosnia and Herzegovina": {"max": 6, "matriz": [[0.06079, 0.04601, 0.0235, 0.0072, 0.00165, 0.0003, 5e-05], [0.10448, 0.10587, 0.04629, 0.01418, 0.00326, 0.0006, 9e-05], [0.10795, 0.09921, 0.04558, 0.01396, 0.00321, 0.00059, 9e-05], [0.07088, 0.06513, 0.02993, 0.00917, 0.00211, 0.00039, 6e-05], [0.0349, 0.03207, 0.01474, 0.00451, 0.00104, 0.00019, 3e-05], [0.01375, 0.01263, 0.00581, 0.00178, 0.00041, 8e-05, 1e-05], [0.00451, 0.00415, 0.00191, 0.00058, 0.00013, 2e-05, 0.0]], "prob_local": 0.614, "prob_empate": 0.223, "prob_visita": 0.164, "marcador": "2-0", "prob_marcador": 0.108}, "England|DR Congo": {"max": 6, "matriz": [[0.154, 0.07187, 0.02013, 0.00349, 0.00045, 5e-05, 0.0], [0.20045, 0.11267, 0.02791, 0.00484, 0.00063, 7e-05, 1e-05], [0.14273, 0.07431, 0.01934, 0.00336, 0.00044, 5e-05, 0.0], [0.06596, 0.03434, 0.00894, 0.00155, 0.0002, 2e-05, 0.0], [0.02286, 0.0119, 0.0031, 0.00054, 7e-05, 1e-05, 0.0], [0.00634, 0.0033, 0.00086, 0.00015, 2e-05, 0.0, 0.0], [0.00146, 0.00076, 0.0002, 3e-05, 0.0, 0.0, 0.0]], "prob_local": 0.579, "prob_empate": 0.288, "prob_visita": 0.134, "marcador": "1-0", "prob_marcador": 0.2}, "Portugal|Croatia": {"max": 6, "matriz": [[0.08979, 0.07453, 0.03904, 0.01258, 0.00304, 0.00059, 9e-05], [0.12038, 0.12865, 0.05917, 0.01907, 0.00461, 0.00089, 0.00014], [0.09595, 0.09276, 0.04484, 0.01445, 0.00349, 0.00068, 0.00011], [0.04848, 0.04686, 0.02265, 0.0073, 0.00176, 0.00034, 5e-05], [0.01837, 0.01776, 0.00858, 0.00277, 0.00067, 0.00013, 2e-05], [0.00557, 0.00538, 0.0026, 0.00084, 0.0002, 4e-05, 1e-05], [0.00141, 0.00136, 0.00066, 0.00021, 5e-05, 1e-05, 0.0]], "prob_local": 0.494, "prob_empate": 0.271, "prob_visita": 0.235, "marcador": "1-1", "prob_marcador": 0.129}, "Switzerland|Algeria": {"max": 6, "matriz": [[0.07765, 0.08013, 0.05234, 0.02113, 0.0064, 0.00155, 0.00031], [0.09566, 0.12979, 0.07479, 0.03019, 0.00914, 0.00221, 0.00045], [0.07285, 0.08823, 0.05343, 0.02157, 0.00653, 0.00158, 0.00032], [0.0347, 0.04203, 0.02545, 0.01028, 0.00311, 0.00075, 0.00015], [0.0124, 0.01501, 0.00909, 0.00367, 0.00111, 0.00027, 5e-05], [0.00354, 0.00429, 0.0026, 0.00105, 0.00032, 8e-05, 2e-05], [0.00084, 0.00102, 0.00062, 0.00025, 8e-05, 2e-05, 0.0]], "prob_local": 0.414, "prob_empate": 0.272, "prob_visita": 0.313, "marcador": "1-1", "prob_marcador": 0.13}, "Spain|Austria": {"max": 6, "matriz": [[0.08478, 0.05915, 0.02656, 0.00726, 0.00149, 0.00024, 3e-05], [0.13018, 0.11701, 0.04562, 0.01246, 0.00255, 0.00042, 6e-05], [0.11667, 0.09561, 0.03918, 0.0107, 0.00219, 0.00036, 5e-05], [0.06679, 0.05474, 0.02243, 0.00613, 0.00126, 0.00021, 3e-05], [0.02868, 0.0235, 0.00963, 0.00263, 0.00054, 9e-05, 1e-05], [0.00985, 0.00807, 0.00331, 0.0009, 0.00019, 3e-05, 0.0], [0.00282, 0.00231, 0.00095, 0.00026, 5e-05, 1e-05, 0.0]], "prob_local": 0.582, "prob_empate": 0.248, "prob_visita": 0.171, "marcador": "1-0", "prob_marcador": 0.13}, "Argentina|Cape Verde": {"max": 6, "matriz": [[0.09136, 0.03063, 0.00666, 0.00086, 8e-05, 1e-05, 0.0], [0.17584, 0.07343, 0.0136, 0.00177, 0.00017, 1e-05, 0.0], [0.18328, 0.07138, 0.0139, 0.0018, 0.00018, 1e-05, 0.0], [0.12483, 0.04861, 0.00947, 0.00123, 0.00012, 1e-05, 0.0], [0.06377, 0.02483, 0.00484, 0.00063, 6e-05, 0.0, 0.0], [0.02606, 0.01015, 0.00198, 0.00026, 2e-05, 0.0, 0.0], [0.00887, 0.00346, 0.00067, 9e-05, 1e-05, 0.0, 0.0]], "prob_local": 0.764, "prob_empate": 0.18, "prob_visita": 0.056, "marcador": "2-0", "prob_marcador": 0.183}, "Colombia|Ghana": {"max": 6, "matriz": [[0.09179, 0.0474, 0.01575, 0.00316, 0.00048, 6e-05, 1e-05], [0.15505, 0.10122, 0.02899, 0.00582, 0.00088, 0.00011, 1e-05], [0.14725, 0.08866, 0.02669, 0.00536, 0.00081, 0.0001, 1e-05], [0.09037, 0.05441, 0.01638, 0.00329, 0.00049, 6e-05, 1e-05], [0.0416, 0.02504, 0.00754, 0.00151, 0.00023, 3e-05, 0.0], [0.01532, 0.00922, 0.00278, 0.00056, 8e-05, 1e-05, 0.0], [0.0047, 0.00283, 0.00085, 0.00017, 3e-05, 0.0, 0.0]], "prob_local": 0.667, "prob_empate": 0.223, "prob_visita": 0.11, "marcador": "1-0", "prob_marcador": 0.155}, "Australia|Egypt": {"max": 6, "matriz": [[0.17656, 0.13256, 0.05716, 0.01564, 0.00321, 0.00053, 7e-05], [0.15498, 0.13949, 0.05445, 0.01489, 0.00306, 0.0005, 7e-05], [0.07704, 0.06322, 0.02594, 0.00709, 0.00146, 0.00024, 3e-05], [0.02446, 0.02007, 0.00824, 0.00225, 0.00046, 8e-05, 1e-05], [0.00583, 0.00478, 0.00196, 0.00054, 0.00011, 2e-05, 0.0], [0.00111, 0.00091, 0.00037, 0.0001, 2e-05, 0.0, 0.0], [0.00018, 0.00014, 6e-05, 2e-05, 0.0, 0.0, 0.0]], "prob_local": 0.364, "prob_empate": 0.344, "prob_visita": 0.292, "marcador": "0-0", "prob_marcador": 0.177}, "Canada|Morocco": {"max": 6, "matriz": [[0.17455, 0.17816, 0.10137, 0.03711, 0.01019, 0.00224, 0.00041], [0.1087, 0.1329, 0.06943, 0.02542, 0.00698, 0.00153, 0.00028], [0.03944, 0.04331, 0.02378, 0.00871, 0.00239, 0.00052, 0.0001], [0.009, 0.00989, 0.00543, 0.00199, 0.00055, 0.00012, 2e-05], [0.00154, 0.00169, 0.00093, 0.00034, 9e-05, 2e-05, 0.0], [0.00021, 0.00023, 0.00013, 5e-05, 1e-05, 0.0, 0.0], [2e-05, 3e-05, 1e-05, 1e-05, 0.0, 0.0, 0.0]], "prob_local": 0.221, "prob_empate": 0.333, "prob_visita": 0.446, "marcador": "0-1", "prob_marcador": 0.178}}