{"Uruguay|Spain": {"max": 6, "matriz": [[0.12568, 0.1553, 0.10911, 0.04915, 0.0166, 0.00449, 0.00101], [0.08621, 0.13102, 0.08435, 0.038, 0.01284, 0.00347, 0.00078], [0.03571, 0.04826, 0.03261, 0.01469, 0.00496, 0.00134, 0.0003], [0.0092, 0.01244, 0.0084, 0.00379, 0.00128, 0.00035, 8e-05], [0.00178, 0.0024, 0.00162, 0.00073, 0.00025, 7e-05, 2e-05], [0.00028, 0.00037, 0.00025, 0.00011, 4e-05, 1e-05, 0.0], [4e-05, 5e-05, 3e-05, 1e-05, 0.0, 0.0, 0.0]], "prob_local": 0.208, "prob_empate": 0.293, "prob_visita": 0.499, "marcador": "0-1", "prob_marcador": 0.155}, "Cape Verde|Saudi Arabia": {"max": 6, "matriz": [[0.16051, 0.1406, 0.07049, 0.02249, 0.00538, 0.00103, 0.00016], [0.13403, 0.14135, 0.06446, 0.02057, 0.00492, 0.00094, 0.00015], [0.06434, 0.06159, 0.02948, 0.00941, 0.00225, 0.00043, 7e-05], [0.01961, 0.01878, 0.00899, 0.00287, 0.00069, 0.00013, 2e-05], [0.00448, 0.00429, 0.00205, 0.00066, 0.00016, 3e-05, 0.0], [0.00082, 0.00079, 0.00038, 0.00012, 3e-05, 1e-05, 0.0], [0.00013, 0.00012, 6e-05, 2e-05, 0.0, 0.0, 0.0]], "prob_local": 0.321, "prob_empate": 0.334, "prob_visita": 0.344, "marcador": "0-0", "prob_marcador": 0.161}, "Norway|France": {"max": 6, "matriz": [[0.07344, 0.10159, 0.08546, 0.04531, 0.01802, 0.00573, 0.00152], [0.06873, 0.12453, 0.09436, 0.05003, 0.01989, 0.00633, 0.00168], [0.04119, 0.06551, 0.0521, 0.02762, 0.01098, 0.00349, 0.00093], [0.01516, 0.02411, 0.01917, 0.01017, 0.00404, 0.00129, 0.00034], [0.00418, 0.00666, 0.00529, 0.00281, 0.00112, 0.00035, 9e-05], [0.00092, 0.00147, 0.00117, 0.00062, 0.00025, 8e-05, 2e-05], [0.00017, 0.00027, 0.00022, 0.00011, 5e-05, 1e-05, 0.0]], "prob_local": 0.258, "prob_empate": 0.261, "prob_visita": 0.48, "marcador": "1-1", "prob_marcador": 0.125}, "Egypt|Iran": {"max": 6, "matriz": [[0.1539, 0.14527, 0.07837, 0.02695, 0.00695, 0.00143, 0.00025], [0.12351, 0.14093, 0.06927, 0.02382, 0.00614, 0.00127, 0.00022], [0.05752, 0.05935, 0.03061, 0.01053, 0.00272, 0.00056, 0.0001], [0.01695, 0.01749, 0.00902, 0.0031, 0.0008, 0.00017, 3e-05], [0.00375, 0.00386, 0.00199, 0.00069, 0.00018, 4e-05, 1e-05], [0.00066, 0.00068, 0.00035, 0.00012, 3e-05, 1e-05, 0.0], [0.0001, 0.0001, 5e-05, 2e-05, 0.0, 0.0, 0.0]], "prob_local": 0.296, "prob_empate": 0.329, "prob_visita": 0.375, "marcador": "0-0", "prob_marcador": 0.154}, "New Zealand|Belgium": {"max": 6, "matriz": [[0.07391, 0.13459, 0.1396, 0.09336, 0.04683, 0.01879, 0.00628], [0.04136, 0.0967, 0.09243, 0.06182, 0.03101, 0.01244, 0.00416], [0.0152, 0.0305, 0.0306, 0.02047, 0.01027, 0.00412, 0.00138], [0.00336, 0.00673, 0.00675, 0.00452, 0.00227, 0.00091, 0.0003], [0.00056, 0.00111, 0.00112, 0.00075, 0.00038, 0.00015, 5e-05], [7e-05, 0.00015, 0.00015, 0.0001, 5e-05, 2e-05, 1e-05], [1e-05, 2e-05, 2e-05, 1e-05, 1e-05, 0.0, 0.0]], "prob_local": 0.108, "prob_empate": 0.206, "prob_visita": 0.686, "marcador": "0-2", "prob_marcador": 0.14}, "Senegal|Iraq": {"max": 6, "matriz": [[0.12678, 0.07537, 0.02722, 0.00609, 0.00102, 0.00014, 2e-05], [0.16859, 0.12276, 0.03923, 0.00877, 0.00147, 0.0002, 2e-05], [0.12567, 0.08429, 0.02827, 0.00632, 0.00106, 0.00014, 2e-05], [0.06037, 0.0405, 0.01358, 0.00304, 0.00051, 7e-05, 1e-05], [0.02175, 0.01459, 0.00489, 0.00109, 0.00018, 2e-05, 0.0], [0.00627, 0.00421, 0.00141, 0.00032, 5e-05, 1e-05, 0.0], [0.00151, 0.00101, 0.00034, 8e-05, 1e-05, 0.0, 0.0]], "prob_local": 0.551, "prob_empate": 0.281, "prob_visita": 0.168, "marcador": "1-0", "prob_marcador": 0.169}, "DR Congo|Uzbekistan": {"max": 6, "matriz": [[0.19433, 0.14288, 0.05938, 0.01574, 0.00313, 0.0005, 7e-05], [0.15826, 0.13747, 0.05208, 0.0138, 0.00274, 0.00044, 6e-05], [0.07224, 0.05744, 0.02284, 0.00605, 0.0012, 0.00019, 3e-05], [0.02112, 0.01679, 0.00668, 0.00177, 0.00035, 6e-05, 1e-05], [0.00463, 0.00368, 0.00146, 0.00039, 8e-05, 1e-05, 0.0], [0.00081, 0.00065, 0.00026, 7e-05, 1e-05, 0.0, 0.0], [0.00012, 9e-05, 4e-05, 1e-05, 0.0, 0.0, 0.0]], "prob_local": 0.345, "prob_empate": 0.356, "prob_visita": 0.299, "marcador": "0-0", "prob_marcador": 0.194}, "Colombia|Portugal": {"max": 6, "matriz": [[0.09248, 0.10294, 0.06944, 0.0294, 0.00934, 0.00237, 0.0005], [0.09537, 0.13567, 0.0821, 0.03476, 0.01104, 0.0028, 0.00059], [0.06016, 0.07641, 0.04853, 0.02055, 0.00653, 0.00166, 0.00035], [0.02371, 0.03011, 0.01913, 0.0081, 0.00257, 0.00065, 0.00014], [0.00701, 0.0089, 0.00565, 0.00239, 0.00076, 0.00019, 4e-05], [0.00166, 0.0021, 0.00134, 0.00057, 0.00018, 5e-05, 1e-05], [0.00033, 0.00041, 0.00026, 0.00011, 4e-05, 1e-05, 0.0]], "prob_local": 0.336, "prob_empate": 0.286, "prob_visita": 0.378, "marcador": "1-1", "prob_marcador": 0.136}, "Panama|England": {"max": 6, "matriz": [[0.07421, 0.14206, 0.15253, 0.10608, 0.05533, 0.02309, 0.00803], [0.03593, 0.08773, 0.08721, 0.06065, 0.03164, 0.0132, 0.00459], [0.01145, 0.0239, 0.02493, 0.01734, 0.00904, 0.00377, 0.00131], [0.00218, 0.00455, 0.00475, 0.0033, 0.00172, 0.00072, 0.00025], [0.00031, 0.00065, 0.00068, 0.00047, 0.00025, 0.0001, 4e-05], [4e-05, 7e-05, 8e-05, 5e-05, 3e-05, 1e-05, 0.0], [0.0, 1e-05, 1e-05, 1e-05, 0.0, 0.0, 0.0]], "prob_local": 0.085, "prob_empate": 0.19, "prob_visita": 0.724, "marcador": "0-2", "prob_marcador": 0.153}, "Algeria|Austria": {"max": 6, "matriz": [[0.10027, 0.10638, 0.06794, 0.02726, 0.0082, 0.00197, 0.0004], [0.10257, 0.13779, 0.07902, 0.03171, 0.00954, 0.0023, 0.00046], [0.06343, 0.07636, 0.04596, 0.01844, 0.00555, 0.00134, 0.00027], [0.02459, 0.0296, 0.01782, 0.00715, 0.00215, 0.00052, 0.0001], [0.00715, 0.00861, 0.00518, 0.00208, 0.00063, 0.00015, 3e-05], [0.00166, 0.002, 0.00121, 0.00048, 0.00015, 4e-05, 1e-05], [0.00032, 0.00039, 0.00023, 9e-05, 3e-05, 1e-05, 0.0]], "prob_local": 0.344, "prob_empate": 0.292, "prob_visita": 0.364, "marcador": "1-1", "prob_marcador": 0.138}, "Jordan|Argentina": {"max": 6, "matriz": [[0.05939, 0.13236, 0.16324, 0.13109, 0.07896, 0.03805, 0.01528], [0.02322, 0.06667, 0.07653, 0.06146, 0.03702, 0.01784, 0.00716], [0.00618, 0.01489, 0.01794, 0.01441, 0.00868, 0.00418, 0.00168], [0.00097, 0.00233, 0.0028, 0.00225, 0.00136, 0.00065, 0.00026], [0.00011, 0.00027, 0.00033, 0.00026, 0.00016, 8e-05, 3e-05], [1e-05, 3e-05, 3e-05, 2e-05, 1e-05, 1e-05, 0.0], [0.0, 0.0, 0.0, 0.0, 0.0, 0.0, 0.0]], "prob_local": 0.051, "prob_empate": 0.146, "prob_visita": 0.802, "marcador": "0-2", "prob_marcador": 0.163}, "Croatia|Ghana": {"max": 6, "matriz": [[0.10672, 0.06858, 0.02734, 0.00671, 0.00123, 0.00018, 2e-05], [0.1515, 0.12142, 0.04257, 0.01044, 0.00192, 0.00028, 3e-05], [0.1224, 0.09006, 0.03314, 0.00813, 0.0015, 0.00022, 3e-05], [0.06352, 0.04674, 0.0172, 0.00422, 0.00078, 0.00011, 1e-05], [0.02472, 0.01819, 0.00669, 0.00164, 0.0003, 4e-05, 1e-05], [0.0077, 0.00566, 0.00208, 0.00051, 9e-05, 1e-05, 0.0], [0.002, 0.00147, 0.00054, 0.00013, 2e-05, 0.0, 0.0]], "prob_local": 0.564, "prob_empate": 0.266, "prob_visita": 0.17, "marcador": "1-0", "prob_marcador": 0.152}}