{"Scotland|Brazil": {"max": 6, "matriz": [[0.07471, 0.12749, 0.12578, 0.07963, 0.03781, 0.01436, 0.00455], [0.0483, 0.10613, 0.09606, 0.06082, 0.02888, 0.01097, 0.00347], [0.02034, 0.03863, 0.03668, 0.02322, 0.01103, 0.00419, 0.00133], [0.00518, 0.00983, 0.00934, 0.00591, 0.00281, 0.00107, 0.00034], [0.00099, 0.00188, 0.00178, 0.00113, 0.00054, 0.0002, 6e-05], [0.00015, 0.00029, 0.00027, 0.00017, 8e-05, 3e-05, 1e-05], [2e-05, 4e-05, 3e-05, 2e-05, 1e-05, 0.0, 0.0]], "prob_local": 0.139, "prob_empate": 0.224, "prob_visita": 0.637, "marcador": "0-1", "prob_marcador": 0.127}, "Mexico|Czech Republic": {"max": 6, "matriz": [[0.07505, 0.06281, 0.03377, 0.01111, 0.00274, 0.00054, 9e-05], [0.11102, 0.12076, 0.05679, 0.01867, 0.00461, 0.00091, 0.00015], [0.09809, 0.09677, 0.04774, 0.0157, 0.00387, 0.00076, 0.00013], [0.05497, 0.05424, 0.02676, 0.0088, 0.00217, 0.00043, 7e-05], [0.02311, 0.0228, 0.01125, 0.0037, 0.00091, 0.00018, 3e-05], [0.00777, 0.00767, 0.00378, 0.00124, 0.00031, 6e-05, 1e-05], [0.00218, 0.00215, 0.00106, 0.00035, 9e-05, 2e-05, 0.0]], "prob_local": 0.531, "prob_empate": 0.253, "prob_visita": 0.216, "marcador": "1-1", "prob_marcador": 0.121}, "South Africa|South Korea": {"max": 6, "matriz": [[0.12538, 0.15016, 0.10269, 0.04495, 0.01475, 0.00387, 0.00085], [0.09077, 0.13366, 0.08365, 0.03661, 0.01202, 0.00316, 0.00069], [0.03952, 0.05189, 0.03407, 0.01491, 0.00489, 0.00129, 0.00028], [0.01073, 0.01409, 0.00925, 0.00405, 0.00133, 0.00035, 8e-05], [0.00218, 0.00287, 0.00188, 0.00082, 0.00027, 7e-05, 2e-05], [0.00036, 0.00047, 0.00031, 0.00013, 4e-05, 1e-05, 0.0], [5e-05, 6e-05, 4e-05, 2e-05, 1e-05, 0.0, 0.0]], "prob_local": 0.226, "prob_empate": 0.297, "prob_visita": 0.477, "marcador": "0-1", "prob_marcador": 0.15}, "Canada|Switzerland": {"max": 6, "matriz": [[0.08055, 0.09106, 0.06354, 0.02769, 0.00905, 0.00237, 0.00052], [0.08989, 0.13172, 0.08206, 0.03576, 0.01168, 0.00305, 0.00067], [0.06202, 0.08108, 0.05299, 0.02309, 0.00754, 0.00197, 0.00043], [0.0267, 0.0349, 0.02281, 0.00994, 0.00325, 0.00085, 0.00018], [0.00862, 0.01127, 0.00736, 0.00321, 0.00105, 0.00027, 6e-05], [0.00223, 0.00291, 0.0019, 0.00083, 0.00027, 7e-05, 2e-05], [0.00048, 0.00063, 0.00041, 0.00018, 6e-05, 2e-05, 0.0]], "prob_local": 0.358, "prob_empate": 0.276, "prob_visita": 0.366, "marcador": "1-1", "prob_marcador": 0.132}, "Bosnia and Herzegovina|Qatar": {"max": 6, "matriz": [[0.09128, 0.08647, 0.05057, 0.01839, 0.00501, 0.00109, 0.0002], [0.11057, 0.13368, 0.06949, 0.02526, 0.00689, 0.0015, 0.00027], [0.08028, 0.08756, 0.04775, 0.01736, 0.00473, 0.00103, 0.00019], [0.03677, 0.04011, 0.02187, 0.00795, 0.00217, 0.00047, 9e-05], [0.01263, 0.01378, 0.00751, 0.00273, 0.00074, 0.00016, 3e-05], [0.00347, 0.00379, 0.00207, 0.00075, 0.0002, 4e-05, 1e-05], [0.0008, 0.00087, 0.00047, 0.00017, 5e-05, 1e-05, 0.0]], "prob_local": 0.427, "prob_empate": 0.281, "prob_visita": 0.292, "marcador": "1-1", "prob_marcador": 0.134}, "Morocco|Haiti": {"max": 6, "matriz": [[0.09644, 0.04335, 0.01237, 0.00214, 0.00028, 3e-05, 0.0], [0.16751, 0.09347, 0.02309, 0.00399, 0.00052, 5e-05, 0.0], [0.16044, 0.08316, 0.02155, 0.00372, 0.00048, 5e-05, 0.0], [0.09984, 0.05175, 0.01341, 0.00232, 0.0003, 3e-05, 0.0], [0.0466, 0.02415, 0.00626, 0.00108, 0.00014, 1e-05, 0.0], [0.0174, 0.00902, 0.00234, 0.0004, 5e-05, 1e-05, 0.0], [0.00541, 0.00281, 0.00073, 0.00013, 2e-05, 0.0, 0.0]], "prob_local": 0.696, "prob_empate": 0.214, "prob_visita": 0.09, "marcador": "1-0", "prob_marcador": 0.168}, "Curaçao|Ivory Coast": {"max": 6, "matriz": [[0.0941, 0.15815, 0.14845, 0.0902, 0.0411, 0.01498, 0.00455], [0.04819, 0.10121, 0.08793, 0.05342, 0.02435, 0.00888, 0.0027], [0.01567, 0.02857, 0.02604, 0.01582, 0.00721, 0.00263, 0.0008], [0.00309, 0.00564, 0.00514, 0.00312, 0.00142, 0.00052, 0.00016], [0.00046, 0.00084, 0.00076, 0.00046, 0.00021, 8e-05, 2e-05], [5e-05, 0.0001, 9e-05, 5e-05, 2e-05, 1e-05, 0.0], [1e-05, 1e-05, 1e-05, 1e-05, 0.0, 0.0, 0.0]], "prob_local": 0.109, "prob_empate": 0.225, "prob_visita": 0.666, "marcador": "0-1", "prob_marcador": 0.158}, "United States|Turkey": {"max": 6, "matriz": [[0.05211, 0.05825, 0.04319, 0.01956, 0.00664, 0.00181, 0.00041], [0.07438, 0.11361, 0.07356, 0.03332, 0.01132, 0.00308, 0.0007], [0.06788, 0.09223, 0.06266, 0.02838, 0.00964, 0.00262, 0.00059], [0.03855, 0.05237, 0.03558, 0.01611, 0.00547, 0.00149, 0.00034], [0.01642, 0.0223, 0.01515, 0.00686, 0.00233, 0.00063, 0.00014], [0.00559, 0.0076, 0.00516, 0.00234, 0.00079, 0.00022, 5e-05], [0.00159, 0.00216, 0.00147, 0.00066, 0.00023, 6e-05, 1e-05]], "prob_local": 0.451, "prob_empate": 0.247, "prob_visita": 0.302, "marcador": "1-1", "prob_marcador": 0.114}, "Paraguay|Australia": {"max": 6, "matriz": [[0.16217, 0.15086, 0.07963, 0.02685, 0.00679, 0.00137, 0.00023], [0.12551, 0.14017, 0.06758, 0.02279, 0.00576, 0.00117, 0.0002], [0.05605, 0.0567, 0.02868, 0.00967, 0.00245, 0.00049, 8e-05], [0.01586, 0.01604, 0.00811, 0.00274, 0.00069, 0.00014, 2e-05], [0.00337, 0.0034, 0.00172, 0.00058, 0.00015, 3e-05, 1e-05], [0.00057, 0.00058, 0.00029, 0.0001, 2e-05, 1e-05, 0.0], [8e-05, 8e-05, 4e-05, 1e-05, 0.0, 0.0, 0.0]], "prob_local": 0.289, "prob_empate": 0.334, "prob_visita": 0.377, "marcador": "0-0", "prob_marcador": 0.162}, "Japan|Sweden": {"max": 6, "matriz": [[0.06878, 0.06066, 0.0347, 0.01212, 0.00318, 0.00067, 0.00012], [0.10273, 0.11906, 0.05946, 0.02077, 0.00544, 0.00114, 0.0002], [0.09279, 0.09723, 0.05094, 0.01779, 0.00466, 0.00098, 0.00017], [0.053, 0.05554, 0.0291, 0.01016, 0.00266, 0.00056, 0.0001], [0.0227, 0.02379, 0.01246, 0.00435, 0.00114, 0.00024, 4e-05], [0.00778, 0.00815, 0.00427, 0.00149, 0.00039, 8e-05, 1e-05], [0.00222, 0.00233, 0.00122, 0.00043, 0.00011, 2e-05, 0.0]], "prob_local": 0.524, "prob_empate": 0.25, "prob_visita": 0.226, "marcador": "1-1", "prob_marcador": 0.119}, "Ecuador|Germany": {"max": 6, "matriz": [[0.12826, 0.13525, 0.08261, 0.03209, 0.00935, 0.00218, 0.00042], [0.10797, 0.13999, 0.07774, 0.03019, 0.0088, 0.00205, 0.0004], [0.05388, 0.06278, 0.03658, 0.01421, 0.00414, 0.00096, 0.00019], [0.0169, 0.01969, 0.01147, 0.00446, 0.0013, 0.0003, 6e-05], [0.00398, 0.00463, 0.0027, 0.00105, 0.00031, 7e-05, 1e-05], [0.00075, 0.00087, 0.00051, 0.0002, 6e-05, 1e-05, 0.0], [0.00012, 0.00014, 8e-05, 3e-05, 1e-05, 0.0, 0.0]], "prob_local": 0.288, "prob_empate": 0.31, "prob_visita": 0.403, "marcador": "1-1", "prob_marcador": 0.14}, "Tunisia|Netherlands": {"max": 6, "matriz": [[0.08225, 0.13313, 0.12422, 0.07436, 0.03338, 0.01199, 0.00359], [0.05392, 0.11142, 0.09536, 0.05708, 0.02563, 0.0092, 0.00275], [0.0227, 0.04076, 0.0366, 0.02191, 0.00984, 0.00353, 0.00106], [0.00581, 0.01043, 0.00937, 0.00561, 0.00252, 0.0009, 0.00027], [0.00111, 0.002, 0.0018, 0.00108, 0.00048, 0.00017, 5e-05], [0.00017, 0.00031, 0.00028, 0.00017, 7e-05, 3e-05, 1e-05], [2e-05, 4e-05, 4e-05, 2e-05, 1e-05, 0.0, 0.0]], "prob_local": 0.15, "prob_empate": 0.236, "prob_visita": 0.613, "marcador": "0-1", "prob_marcador": 0.133}, "Uruguay|Spain": {"max": 6, "matriz": [[0.12541, 0.15549, 0.10947, 0.04943, 0.01674, 0.00454, 0.00102], [0.08591, 0.13079, 0.08445, 0.03814, 0.01292, 0.0035, 0.00079], [0.0355, 0.04809, 0.03257, 0.01471, 0.00498, 0.00135, 0.0003], [0.00913, 0.01237, 0.00838, 0.00378, 0.00128, 0.00035, 8e-05], [0.00176, 0.00238, 0.00162, 0.00073, 0.00025, 7e-05, 2e-05], [0.00027, 0.00037, 0.00025, 0.00011, 4e-05, 1e-05, 0.0], [3e-05, 5e-05, 3e-05, 1e-05, 0.0, 0.0, 0.0]], "prob_local": 0.207, "prob_empate": 0.293, "prob_visita": 0.5, "marcador": "0-1", "prob_marcador": 0.155}, "Cape Verde|Saudi Arabia": {"max": 6, "matriz": [[0.16019, 0.14101, 0.07095, 0.02273, 0.00546, 0.00105, 0.00017], [0.1335, 0.14129, 0.06473, 0.02074, 0.00498, 0.00096, 0.00015], [0.06391, 0.06143, 0.02953, 0.00946, 0.00227, 0.00044, 7e-05], [0.01944, 0.01868, 0.00898, 0.00288, 0.00069, 0.00013, 2e-05], [0.00443, 0.00426, 0.00205, 0.00066, 0.00016, 3e-05, 0.0], [0.00081, 0.00078, 0.00037, 0.00012, 3e-05, 1e-05, 0.0], [0.00012, 0.00012, 6e-05, 2e-05, 0.0, 0.0, 0.0]],