{"England|DR Congo": {"max": 6, "matriz": [[0.15392, 0.07173, 0.02007, 0.00348, 0.00045, 5e-05, 0.0], [0.2005, 0.11258, 0.02785, 0.00483, 0.00063, 7e-05, 1e-05], [0.14289, 0.07431, 0.01932, 0.00335, 0.00044, 5e-05, 0.0], [0.06608, 0.03437, 0.00894, 0.00155, 0.0002, 2e-05, 0.0], [0.02292, 0.01192, 0.0031, 0.00054, 7e-05, 1e-05, 0.0], [0.00636, 0.00331, 0.00086, 0.00015, 2e-05, 0.0, 0.0], [0.00147, 0.00076, 0.0002, 3e-05, 0.0, 0.0, 0.0]], "prob_local": 0.579, "prob_empate": 0.287, "prob_visita": 0.133, "marcador": "1-0", "prob_marcador": 0.2}, "Belgium|Senegal": {"max": 6, "matriz": [[0.09575, 0.08417, 0.04604, 0.01559, 0.00396, 0.0008, 0.00014], [0.11853, 0.13346, 0.06448, 0.02183, 0.00554, 0.00113, 0.00019], [0.08755, 0.08891, 0.04515, 0.01529, 0.00388, 0.00079, 0.00013], [0.04087, 0.04151, 0.02108, 0.00714, 0.00181, 0.00037, 6e-05], [0.01431, 0.01453, 0.00738, 0.0025, 0.00063, 0.00013, 2e-05], [0.00401, 0.00407, 0.00207, 0.0007, 0.00018, 4e-05, 1e-05], [0.00094, 0.00095, 0.00048, 0.00016, 4e-05, 1e-05, 0.0]], "prob_local": 0.451, "prob_empate": 0.282, "prob_visita": 0.266, "marcador": "1-1", "prob_marcador": 0.133}, "United States|Bosnia and Herzegovina": {"max": 6, "matriz": [[0.06079, 0.04598, 0.02349, 0.00719, 0.00165, 0.0003, 5e-05], [0.10447, 0.10586, 0.04627, 0.01417, 0.00326, 0.0006, 9e-05], [0.10797, 0.09921, 0.04558, 0.01396, 0.00321, 0.00059, 9e-05], [0.0709, 0.06515, 0.02993, 0.00917, 0.00211, 0.00039, 6e-05], [0.03492, 0.03209, 0.01474, 0.00451, 0.00104, 0.00019, 3e-05], [0.01376, 0.01264, 0.00581, 0.00178, 0.00041, 8e-05, 1e-05], [0.00452, 0.00415, 0.00191, 0.00058, 0.00013, 2e-05, 0.0]], "prob_local": 0.614, "prob_empate": 0.223, "prob_visita": 0.164, "marcador": "2-0", "prob_marcador": 0.108}, "Portugal|Croatia": {"max": 6, "matriz": [[0.0898, 0.07455, 0.03908, 0.0126, 0.00305, 0.00059, 9e-05], [0.12033, 0.12868, 0.05921, 0.01909, 0.00462, 0.00089, 0.00014], [0.0959, 0.09275, 0.04486, 0.01446, 0.0035, 0.00068, 0.00011], [0.04844, 0.04685, 0.02266, 0.0073, 0.00177, 0.00034, 6e-05], [0.01835, 0.01775, 0.00858, 0.00277, 0.00067, 0.00013, 2e-05], [0.00556, 0.00538, 0.0026, 0.00084, 0.0002, 4e-05, 1e-05], [0.0014, 0.00136, 0.00066, 0.00021, 5e-05, 1e-05, 0.0]], "prob_local": 0.494, "prob_empate": 0.271, "prob_visita": 0.235, "marcador": "1-1", "prob_marcador": 0.129}, "Spain|Austria": {"max": 6, "matriz": [[0.08484, 0.05916, 0.02657, 0.00726, 0.00149, 0.00024, 3e-05], [0.13022, 0.11704, 0.04562, 0.01246, 0.00255, 0.00042, 6e-05], [0.11668, 0.0956, 0.03916, 0.0107, 0.00219, 0.00036, 5e-05], [0.06678, 0.05472, 0.02242, 0.00612, 0.00125, 0.00021, 3e-05], [0.02867, 0.02349, 0.00962, 0.00263, 0.00054, 9e-05, 1e-05], [0.00985, 0.00807, 0.0033, 0.0009, 0.00018, 3e-05, 0.0], [0.00282, 0.00231, 0.00095, 0.00026, 5e-05, 1e-05, 0.0]], "prob_local": 0.582, "prob_empate": 0.248, "prob_visita": 0.171, "marcador": "1-0", "prob_marcador": 0.13}, "Switzerland|Algeria": {"max": 6, "matriz": [[0.07766, 0.08001, 0.05221, 0.02105, 0.00637, 0.00154, 0.00031], [0.09575, 0.12977, 0.07468, 0.03012, 0.00911, 0.0022, 0.00044], [0.07299, 0.0883, 0.05341, 0.02154, 0.00651, 0.00158, 0.00032], [0.0348, 0.0421, 0.02547, 0.01027, 0.00311, 0.00075, 0.00015], [0.01245, 0.01506, 0.00911, 0.00367, 0.00111, 0.00027, 5e-05], [0.00356, 0.00431, 0.00261, 0.00105, 0.00032, 8e-05, 2e-05], [0.00085, 0.00103, 0.00062, 0.00025, 8e-05, 2e-05, 0.0]], "prob_local": 0.415, "prob_empate": 0.272, "prob_visita": 0.313, "marcador": "1-1", "prob_marcador": 0.13}, "Argentina|Cape Verde": {"max": 6, "matriz": [[0.09186, 0.03079, 0.00669, 0.00087, 8e-05, 1e-05, 0.0], [0.17633, 0.07362, 0.01364, 0.00177, 0.00017, 1e-05, 0.0], [0.18332, 0.07137, 0.01389, 0.0018, 0.00018, 1e-05, 0.0], [0.12453, 0.04848, 0.00944, 0.00122, 0.00012, 1e-05, 0.0], [0.06345, 0.0247, 0.00481, 0.00062, 6e-05, 0.0, 0.0], [0.02586, 0.01007, 0.00196, 0.00025, 2e-05, 0.0, 0.0], [0.00878, 0.00342, 0.00067, 9e-05, 1e-05, 0.0, 0.0]], "prob_local": 0.763, "prob_empate": 0.181, "prob_visita": 0.056, "marcador": "2-0", "prob_marcador": 0.183}, "Australia|Egypt": {"max": 6, "matriz": [[0.17666, 0.1325, 0.05709, 0.0156, 0.0032, 0.00052, 7e-05], [0.15508, 0.13948, 0.0544, 0.01487, 0.00305, 0.0005, 7e-05], [0.07711, 0.06322, 0.02592, 0.00708, 0.00145, 0.00024, 3e-05], [0.02449, 0.02008, 0.00823, 0.00225, 0.00046, 8e-05, 1e-05], [0.00583, 0.00478, 0.00196, 0.00054, 0.00011, 2e-05, 0.0], [0.00111, 0.00091, 0.00037, 0.0001, 2e-05, 0.0, 0.0], [0.00018, 0.00014, 6e-05, 2e-05, 0.0, 0.0, 0.0]], "prob_local": 0.364, "prob_empate": 0.344, "prob_visita": 0.291, "marcador": "0-0", "prob_marcador": 0.177}, "Colombia|Ghana": {"max": 6, "matriz": [[0.09192, 0.04748, 0.01578, 0.00317, 0.00048, 6e-05, 1e-05], [0.15512, 0.10132, 0.02903, 0.00583, 0.00088, 0.00011, 1e-05], [0.1472, 0.08866, 0.0267, 0.00536, 0.00081, 0.0001, 1e-05], [0.09026, 0.05436, 0.01637, 0.00329, 0.00049, 6e-05, 1e-05], [0.04151, 0.025, 0.00753, 0.00151, 0.00023, 3e-05, 0.0], [0.01527, 0.0092, 0.00277, 0.00056, 8e-05, 1e-05, 0.0], [0.00468, 0.00282, 0.00085, 0.00017, 3e-05, 0.0, 0.0]], "prob_local": 0.667, "prob_empate": 0.223, "prob_visita": 0.11, "marcador": "1-0", "prob_marcador": 0.155}, "Paraguay|France": {"max": 6, "matriz": [[0.11704, 0.16115, 0.1256, 0.06295, 0.02366, 0.00711, 0.00178], [0.07116, 0.12181, 0.08712, 0.04366, 0.01641, 0.00493, 0.00124], [0.02673, 0.04019, 0.03021, 0.01514, 0.00569, 0.00171, 0.00043], [0.00618, 0.00929, 0.00699, 0.0035, 0.00132, 0.0004, 0.0001], [0.00107, 0.00161, 0.00121, 0.00061, 0.00023, 7e-05, 2e-05], [0.00015, 0.00022, 0.00017, 8e-05, 3e-05, 1e-05, 0.0], [2e-05, 3e-05, 2e-05, 1e-05, 0.0, 0.0, 0.0]], "prob_local": 0.166, "prob_empate": 0.273, "prob_visita": 0.561, "marcador": "0-1", "prob_marcador": 0.161}, "Canada|Morocco": {"max": 6, "matriz": [[0.17474, 0.17808, 0.10119, 0.03699, 0.01014, 0.00222, 0.00041], [0.10889, 0.13296, 0.06936, 0.02536, 0.00695, 0.00152, 0.00028], [0.03954, 0.04336, 0.02377, 0.00869, 0.00238, 0.00052, 0.0001], [0.00903, 0.00991, 0.00543, 0.00199, 0.00054, 0.00012, 2e-05], [0.00155, 0.0017, 0.00093, 0.00034, 9e-05, 2e-05, 0.0], [0.00021, 0.00023, 0.00013, 5e-05, 1e-05, 0.0, 0.0], [2e-05, 3e-05, 1e-05, 1e-05, 0.0, 0.0, 0.0]], "prob_local": 0.221, "prob_empate": 0.334, "prob_visita": 0.445, "marcador": "0-1", "prob_marcador": 0.178}, "Brazil|Norway": {"max": 6, "matriz": [[0.06226, 0.05378, 0.031, 0.0108, 0.00282, 0.00059, 0.0001], [0.09796, 0.11371, 0.05654, 0.0197, 0.00515, 0.00108, 0.00019], [0.09438, 0.09866, 0.05157, 0.01797, 0.0047, 0.00098, 0.00017], [0.05739, 0.05999, 0.03135, 0.01092, 0.00285, 0.0006, 0.0001], [0.02617, 0.02735, 0.0143, 0.00498, 0.0013, 0.00027, 5e-05], [0.00955, 0.00998, 0.00522, 0.00182, 0.00047, 0.0001, 2e-05], [0.0029, 0.00303, 0.00159, 0.00055, 0.00014, 3e-05, 1e-05]], "prob_local": 0.551, "prob_empate": 0.24, "prob_visita": 0.21, "marcador": "1-1", "prob_marcador": 0.114}}