{"Brazil|Japan": {"max": 6, "matriz": [[0.0959, 0.08128, 0.04274, 0.01391, 0.0034, 0.00066, 0.00011], [0.12241, 0.13191, 0.06135, 0.01997, 0.00488, 0.00095, 0.00016], [0.09234, 0.09018, 0.04403, 0.01433, 0.0035, 0.00068, 0.00011], [0.04418, 0.04315, 0.02107, 0.00686, 0.00167, 0.00033, 5e-05], [0.01586, 0.01548, 0.00756, 0.00246, 0.0006, 0.00012, 2e-05], [0.00455, 0.00445, 0.00217, 0.00071, 0.00017, 3e-05, 1e-05], [0.00109, 0.00106, 0.00052, 0.00017, 4e-05, 1e-05, 0.0]], "prob_local": 0.47, "prob_empate": 0.279, "prob_visita": 0.25, "marcador": "1-1", "prob_marcador": 0.132}, "Germany|Paraguay": {"max": 6, "matriz": [[0.09124, 0.07001, 0.03383, 0.01004, 0.00224, 0.0004, 6e-05], [0.12805, 0.12529, 0.05314, 0.01578, 0.00351, 0.00063, 9e-05], [0.10526, 0.09375, 0.04175, 0.01239, 0.00276, 0.00049, 7e-05], [0.05512, 0.04909, 0.02186, 0.00649, 0.00145, 0.00026, 4e-05], [0.02165, 0.01928, 0.00859, 0.00255, 0.00057, 0.0001, 2e-05], [0.0068, 0.00606, 0.0027, 0.0008, 0.00018, 3e-05, 0.0], [0.00178, 0.00159, 0.00071, 0.00021, 5e-05, 1e-05, 0.0]], "prob_local": 0.527, "prob_empate": 0.265, "prob_visita": 0.207, "marcador": "1-0", "prob_marcador": 0.128}, "Netherlands|Morocco": {"max": 6, "matriz": [[0.1321, 0.12242, 0.06653, 0.02285, 0.00589, 0.00121, 0.00021], [0.12443, 0.14187, 0.06961, 0.02391, 0.00616, 0.00127, 0.00022], [0.06862, 0.07069, 0.03642, 0.01251, 0.00322, 0.00066, 0.00011], [0.02393, 0.02465, 0.0127, 0.00436, 0.00112, 0.00023, 4e-05], [0.00626, 0.00645, 0.00332, 0.00114, 0.00029, 6e-05, 1e-05], [0.00131, 0.00135, 0.0007, 0.00024, 6e-05, 1e-05, 0.0], [0.00023, 0.00024, 0.00012, 4e-05, 1e-05, 0.0, 0.0]], "prob_local": 0.347, "prob_empate": 0.315, "prob_visita": 0.338, "marcador": "1-1", "prob_marcador": 0.142}, "Ivory Coast|Norway": {"max": 6, "matriz": [[0.10714, 0.12257, 0.08281, 0.03542, 0.01136, 0.00291, 0.00062], [0.09545, 0.13735, 0.08392, 0.03589, 0.01151, 0.00295, 0.00063], [0.05167, 0.06629, 0.04253, 0.01819, 0.00583, 0.0015, 0.00032], [0.01746, 0.02239, 0.01437, 0.00614, 0.00197, 0.00051, 0.00011], [0.00442, 0.00567, 0.00364, 0.00156, 0.0005, 0.00013, 3e-05], [0.0009, 0.00115, 0.00074, 0.00032, 0.0001, 3e-05, 1e-05], [0.00015, 0.00019, 0.00012, 5e-05, 2e-05, 0.0, 0.0]], "prob_local": 0.287, "prob_empate": 0.294, "prob_visita": 0.42, "marcador": "1-1", "prob_marcador": 0.137}, "France|Sweden": {"max": 6, "matriz": [[0.05426, 0.04333, 0.02353, 0.00766, 0.00187, 0.00036, 6e-05], [0.09546, 0.10284, 0.04782, 0.01556, 0.0038, 0.00074, 0.00012], [0.10194, 0.09952, 0.04858, 0.01581, 0.00386, 0.00075, 0.00012], [0.06904, 0.06741, 0.0329, 0.01071, 0.00261, 0.00051, 8e-05], [0.03507, 0.03424, 0.01671, 0.00544, 0.00133, 0.00026, 4e-05], [0.01425, 0.01391, 0.00679, 0.00221, 0.00054, 0.00011, 2e-05], [0.00483, 0.00471, 0.0023, 0.00075, 0.00018, 4e-05, 1e-05]], "prob_local": 0.613, "prob_empate": 0.218, "prob_visita": 0.169, "marcador": "1-1", "prob_marcador": 0.103}, "Mexico|Ecuador": {"max": 6, "matriz": [[0.16017, 0.13077, 0.06157, 0.01839, 0.00412, 0.00074, 0.00011], [0.14346, 0.14122, 0.06025, 0.01799, 0.00403, 0.00072, 0.00011], [0.07347, 0.06581, 0.02948, 0.0088, 0.00197, 0.00035, 5e-05], [0.02396, 0.02147, 0.00961, 0.00287, 0.00064, 0.00012, 2e-05], [0.00586, 0.00525, 0.00235, 0.0007, 0.00016, 3e-05, 0.0], [0.00115, 0.00103, 0.00046, 0.00014, 3e-05, 1e-05, 0.0], [0.00019, 0.00017, 8e-05, 2e-05, 1e-05, 0.0, 0.0]], "prob_local": 0.355, "prob_empate": 0.334, "prob_visita": 0.311, "marcador": "0-0", "prob_marcador": 0.16}, "Belgium|Senegal": {"max": 6, "matriz": [[0.09548, 0.0843, 0.04606, 0.01561, 0.00397, 0.00081, 0.00014], [0.11857, 0.13328, 0.06452, 0.02186, 0.00556, 0.00113, 0.00019], [0.08748, 0.08893, 0.0452, 0.01531, 0.00389, 0.00079, 0.00013], [0.04085, 0.04153, 0.0211, 0.00715, 0.00182, 0.00037, 6e-05], [0.01431, 0.01454, 0.00739, 0.0025, 0.00064, 0.00013, 2e-05], [0.00401, 0.00407, 0.00207, 0.0007, 0.00018, 4e-05, 1e-05], [0.00094, 0.00095, 0.00048, 0.00016, 4e-05, 1e-05, 0.0]], "prob_local": 0.451, "prob_empate": 0.282, "prob_visita": 0.267, "marcador": "1-1", "prob_marcador": 0.133}, "England|DR Congo": {"max": 6, "matriz": [[0.15374, 0.07187, 0.02008, 0.00348, 0.00045, 5e-05, 0.0], [0.20058, 0.11247, 0.02787, 0.00483, 0.00063, 7e-05, 1e-05], [0.14287, 0.07433, 0.01933, 0.00335, 0.00044, 5e-05, 0.0], [0.06608, 0.03438, 0.00894, 0.00155, 0.0002, 2e-05, 0.0], [0.02292, 0.01193, 0.0031, 0.00054, 7e-05, 1e-05, 0.0], [0.00636, 0.00331, 0.00086, 0.00015, 2e-05, 0.0, 0.0], [0.00147, 0.00077, 0.0002, 3e-05, 0.0, 0.0, 0.0]], "prob_local": 0.579, "prob_empate": 0.287, "prob_visita": 0.133, "marcador": "1-0", "prob_marcador": 0.201}, "United States|Bosnia and Herzegovina": {"max": 6, "matriz": [[0.06079, 0.04627, 0.02359, 0.00723, 0.00166, 0.00031, 5e-05], [0.10465, 0.10591, 0.0464, 0.01423, 0.00327, 0.0006, 9e-05], [0.10785, 0.09921, 0.04563, 0.01399, 0.00322, 0.00059, 9e-05], [0.07071, 0.06504, 0.02991, 0.00917, 0.00211, 0.00039, 6e-05], [0.03477, 0.03198, 0.01471, 0.00451, 0.00104, 0.00019, 3e-05], [0.01368, 0.01258, 0.00579, 0.00177, 0.00041, 8e-05, 1e-05], [0.00448, 0.00412, 0.0019, 0.00058, 0.00013, 2e-05, 0.0]], "prob_local": 0.613, "prob_empate": 0.223, "prob_visita": 0.164, "marcador": "2-0", "prob_marcador": 0.108}, "Portugal|Croatia": {"max": 6, "matriz": [[0.08958, 0.07461, 0.03902, 0.01257, 0.00304, 0.00059, 9e-05], [0.12048, 0.12848, 0.05916, 0.01907, 0.00461, 0.00089, 0.00014], [0.09597, 0.09279, 0.04485, 0.01446, 0.00349, 0.00068, 0.00011], [0.04851, 0.0469, 0.02267, 0.00731, 0.00177, 0.00034, 6e-05], [0.01839, 0.01778, 0.00859, 0.00277, 0.00067, 0.00013, 2e-05], [0.00558, 0.00539, 0.00261, 0.00084, 0.0002, 4e-05, 1e-05], [0.00141, 0.00136, 0.00066, 0.00021, 5e-05, 1e-05, 0.0]], "prob_local": 0.494, "prob_empate": 0.271, "prob_visita": 0.235, "marcador": "1-1", "prob_marcador": 0.128}, "Spain|Austria": {"max": 6, "matriz": [[0.08465, 0.05928, 0.02656, 0.00726, 0.00149, 0.00024, 3e-05], [0.13031, 0.11688, 0.04562, 0.01246, 0.00255, 0.00042, 6e-05], [0.11667, 0.09561, 0.03918, 0.0107, 0.00219, 0.00036, 5e-05], [0.06679, 0.05474, 0.02243, 0.00613, 0.00126, 0.00021, 3e-05], [0.02868, 0.0235, 0.00963, 0.00263, 0.00054, 9e-05, 1e-05], [0.00985, 0.00807, 0.00331, 0.0009, 0.00019, 3e-05, 0.0], [0.00282, 0.00231, 0.00095, 0.00026, 5e-05, 1e-05, 0.0]], "prob_local": 0.582, "prob_empate": 0.247, "prob_visita": 0.171, "marcador": "1-0", "prob_marcador": 0.13}, "Switzerland|Algeria": {"max": 6, "matriz": [[0.0775, 0.08018, 0.05224, 0.02107, 0.00637, 0.00154, 0.00031], [0.09588, 0.12962, 0.07471, 0.03013, 0.00912, 0.00221, 0.00044], [0.07296, 0.08829, 0.05342, 0.02155, 0.00652, 0.00158, 0.00032], [0.03478, 0.04209, 0.02546, 0.01027, 0.00311, 0.00075, 0.00015], [0.01243, 0.01505, 0.0091, 0.00367, 0.00111, 0.00027, 5e-05], [0.00356, 0.0043, 0.0026, 0.00105, 0.00032, 8e-05, 2e-05], [0.00085, 0.00103, 0.00062, 0.00025, 8e-05, 2e-05, 0.0]], "prob_local": 0.415, "prob_empate": 0.272, "prob_visita": 0.313, "marcador": "1-1", "prob_marcador": 0.13}, "Argentina|Cape Verde": {"max": 6, "matriz": [[0.09143, 0.0308, 0.00668, 0.00087, 8e-05, 1e-05, 0.0], [0.17602, 0.07348, 0.01365, 0.00177, 0.00017, 1e-05, 0.0], [0.1832, 0.07143, 0.01393, 0.00181, 0.00018, 1e-05, 0.0], [0.12465, 0.0486, 0.00948, 0.00123, 0.00012, 1e-05, 0.0], [0.06361, 0.0248, 0.00484, 0.00063, 6e-05, 0.0, 0.0], [0.02597, 0.01012, 0.00197, 0.00026, 3e-05, 0.0, 0.0], [0.00883, 0.00344, 0.00067, 9e-05, 1e-05, 0.0, 0.0]], "prob_local": 0.764, "prob_empate": 0.18, "prob_visita": 0.056, "marcador": "2-0", "prob_marcador": 0.183}, "Australia|Egypt": {"max": 6, "matriz": [[0.17631, 0.13267, 0.05716, 0.01564, 0.00321, 0.00053, 7e-05], [0.1551, 0.13935, 0.05447, 0.0149, 0.00306, 0.0005, 7e-05], [0.07705, 0.06324, 0.02595, 0.0071, 0.00146, 0.00024, 3e-05], [0.02448, 0.02009, 0.00824, 0.00226, 0.00046, 8e-05, 1e-05], [0.00583, 0.00479, 0.00196, 0.00054, 0.00011, 2e-05, 0.0], [0.00111, 0.00091, 0.00037, 0.0001, 2e-05, 0.0, 0.0], [0.00018, 0.00014, 6e-05, 2e-05, 0.0, 0.0, 0.0]], "prob_local": 0.364,